TimeStamp,Delta_TP9,Delta_AF7,Delta_AF8,Delta_TP10,Theta_TP9,Theta_AF7,Theta_AF8,Theta_TP10,Alpha_TP9,Alpha_AF7,Alpha_AF8,Alpha_TP10,Beta_TP9,Beta_AF7,Beta_AF8,Beta_TP10,Gamma_TP9,Gamma_AF7,Gamma_AF8,Gamma_TP10,RAW_TP9,RAW_AF7,RAW_AF8,RAW_TP10,AUX_RIGHT,Accelerometer_X,Accelerometer_Y,Accelerometer_Z,Gyro_X,Gyro_Y,Gyro_Z
2021-10-14 14:53:58.509,1.41705251500797,1.415324210478417,1.484451142682462,1.267598960400277,0.7198625149241259,1.307244358285932,1.1780144384881641,0.9006619899696092,1.028540683815763,0.8799477823508216,0.9606392097592452,1.0175212311102741,0.4984553878493022,0.1015436710247431,0.1536372299713223,0.7930646714030276,0.3371192655895511,-0.1659809854347842,-0.2253162272474244,0.5457077294571693,722.8571428571429,836.0805860805863,843.7362637362637,684.1758241758242,618.901098901099,-0.355591,0.087891,0.937317,5.615082,-7.1702580000000005,-0.433655
2021-10-14 14:53:59.518,0.7186864653718951,1.415324210478417,1.3541956516692257,0.8603430157177983,0.4994094876893321,1.307244358285932,0.9454193296899132,0.6888870866658257,0.4892616903841487,0.8799477823508216,0.8362759778780979,0.993052354347558,0.363855719402008,0.1015436710247431,0.08708641524511522,0.8087283199356127,-0.05386960659504239,-0.1659809854347842,-0.1017983327791486,0.2458694647680094,810.2930402930403,763.5531135531136,809.0842490842491,719.2307692307692,528.6446886446887,-0.35388200000000003,0.102783,0.952148,4.172058,-6.280518,3.02063
2021-10-14 14:54:00.509,0.5726279642300517,1.198081094789769,1.1895880837029291,1.008739573151069,-0.01317463785794675,0.4345695230827372,0.6383043418924185,0.2529770356340886,0.3066385937662536,0.2483352530791537,0.8286555770540741,0.6557702005719845,0.4511574664704734,0.1733542848842912,-0.05569532642200162,0.5738515409862524,-0.0021882045228378173,-0.1779143875718663,-0.3684367625028408,0.167332233444276,788.5347985347986,741.3919413919414,850.1831501831501,830.8424908424909,947.6923076923076,-0.381714,0.079407,0.9400629999999999,5.772094999999999,-6.362762,-5.016937
2021-10-14 14:54:01.509,0.6698832889074614,1.1809869035569889,0.3239201525540358,0.9743346270987848,0.08519875063633983,0.4452678176472308,0.1546796599922826,0.1893613344411386,0.3921335636515217,0.1937701761025175,0.1340598025386216,0.6451851328193199,0.4556820786746602,0.1489027034353833,-0.1413362261812441,0.5897721954719854,-0.0673905550058373,-0.2967373578615433,-0.3270633323031285,0.1535870119267958,753.8827838827838,783.2967032967032,807.8754578754579,879.1941391941392,981.9413919413921,-0.506775,0.079163,0.847412,-17.009735,24.665985,50.812378
2021-10-14 14:54:02.509,1.529003444424085,1.140623466524384,1.45464113787058,1.077296762087871,0.809246532395611,0.4911357799308796,1.065142182152613,0.1475354889515247,1.3088500828634608,0.1074140322209571,0.5111440516919823,0.6451851328193199,0.5274580629180574,0.1837380773191454,0.1859040270930825,0.6150014824094964,0.2218545104709226,-0.282484205998688,-0.1092065994783679,0.1480769959837586,743.0036630036632,998.8644688644687,810.2930402930403,840.5128205128206,797.8021978021977,-0.65625,0.142822,0.752686,3.5813900000000003,-2.998199,1.4505
2021-10-14 14:54:03.509,1.529003444424085,1.140623466524384,1.45464113787058,1.077296762087871,0.809246532395611,0.4911357799308796,1.065142182152613,0.1475354889515247,1.3088500828634608,0.1074140322209571,0.5111440516919823,0.6451851328193199,0.5274580629180574,0.1837380773191454,0.1859040270930825,0.6150014824094964,0.2218545104709226,-0.282484205998688,-0.1092065994783679,0.1480769959837586,736.1538461538463,788.1318681318681,825.2014652014653,829.6336996336996,709.9633699633699,-0.633423,0.14068599999999998,0.764099,4.508514,-5.52536,0.657959
2021-10-14 14:54:04.518,1.7267414240528831,1.140623466524384,1.45464113787058,1.077296762087871,1.044741901548901,0.4911357799308796,1.065142182152613,0.1475354889515247,0.5620719212614403,0.1074140322209571,0.5111440516919823,0.6451851328193199,0.8433838002492674,0.1837380773191454,0.1859040270930825,0.6150014824094964,0.7969785896969627,-0.282484205998688,-0.1092065994783679,0.1480769959837586,786.5201465201467,688.6080586080586,807.8754578754579,911.4285714285713,708.7545787545787,-0.638367,0.14325,0.7655029999999999,4.306641,-5.966492,0.209351
2021-10-14 14:54:05.510,0.9730872522046692,1.140623466524384,1.447682430880669,1.077296762087871,0.7276179837762945,0.4911357799308796,1.0028649606124609,0.1475354889515247,0.6120024700318445,0.1074140322209571,0.5407009403223034,0.6451851328193199,0.8024653208831672,0.1837380773191454,0.9669055685941376,0.6150014824094964,0.4312515117230942,-0.282484205998688,0.7915922232733096,0.1480769959837586,790.5494505494507,793.7728937728937,815.934065934066,820.7692307692308,789.7435897435898,-0.633057,0.13250699999999999,0.772522,4.201965,-7.222595,-0.059814
2021-10-14 14:54:06.509,0.7869826265852332,1.140623466524384,1.211139037100252,1.5197966605481732,0.5628543894361221,0.4911357799308796,0.6214308145274209,0.2035296451929594,0.6736665277200264,0.1074140322209571,0.5318607491500918,0.7714711211320762,0.6351697246041357,0.1837380773191454,0.6193601759714938,0.7895989717608891,0.3101040234945747,-0.282484205998688,0.381603764639515,0.1897823491473691,782.8937728937731,711.978021978022,834.8717948717949,582.6373626373628,1071.794871794872,-0.605286,0.106873,0.806213,1.173859,-32.868041999999996,-7.267456
2021-10-14 14:54:07.521,1.2761208164868378,1.140623466524384,1.733560789569077,2.012437030332805,0.63957168105371,0.4911357799308796,1.211305815610437,0.31160151086733,1.0003461919451948,0.1074140322209571,0.951950011254756,0.7494814113576787,0.563487909947156,0.1837380773191454,0.1954248893930532,0.7679370482813981,0.3272450708500517,-0.282484205998688,-0.0496145886484308,0.2001903716968442,788.9377289377289,560.8791208791208,776.0439560439562,703.9194139194141,872.3443223443222,-0.321411,0.097778,0.9526370000000001,4.643097,-7.230072,1.6523740000000002
2021-10-14 14:54:08.513,1.1851357268049498,1.140623466524384,1.722017384721449,2.182710660324253,0.4842703644588109,0.4911357799308796,1.1398921159962743,0.4027249602350957,0.925825174391013,0.1074140322209571,0.9992790473353588,0.702933450406487,0.4888654729734039,0.1837380773191454,0.1750604289095341,0.7150229141542133,0.3312001581627441,-0.282484205998688,-0.2350502317443365,0.2302825909832796,740.9890109890109,741.3919413919414,779.6703296703297,725.2747252747251,654.7619047619047,0.035095,0.177124,1.0048219999999999,-4.545898,3.22998,27.776336999999998
2021-10-14 14:54:09.509,1.083806914105521,1.140623466524384,1.2771630802079528,2.182710660324253,0.4450416275091316,0.4911357799308796,0.775543517976936,0.4027249602350957,0.6035615236943984,0.1074140322209571,0.6756682142622963,0.702933450406487,0.2767894974419478,0.1837380773191454,0.2323953640492175,0.7150229141542133,0.1542257341924612,-0.282484205998688,-0.363182607600193,0.2302825909832796,920.6959706959708,367.8754578754578,853.0036630036632,795.7875457875458,1331.282051282051,-0.563049,0.148804,0.860657,57.489166000000004,-27.716521999999998,-132.444153
2021-10-14 14:54:10.516,1.133955735950943,1.140623466524384,1.2917821239763139,2.182710660324253,0.3645739961811595,0.4911357799308796,0.564134549897988,0.4027249602350957,0.5760684787567801,0.1074140322209571,0.4981822608386866,0.702933450406487,0.1700944564384211,0.1837380773191454,0.1250760564382674,0.7150229141542133,0.02809797033066427,-0.282484205998688,-0.4946372035144406,0.2302825909832796,857.4358974358976,265.5311355311355,813.1135531135533,933.5897435897436,733.7362637362637,-0.40686,-0.047729,0.90509,12.62085,7.850647,-21.077118
2021-10-14 14:54:11.509,1.133955735950943,1.140623466524384,1.2917821239763139,2.182710660324253,0.3645739961811595,0.4911357799308796,0.564134549897988,0.4027249602350957,0.5760684787567801,0.1074140322209571,0.4981822608386866,0.702933450406487,0.1700944564384211,0.1837380773191454,0.1250760564382674,0.7150229141542133,0.02809797033066427,-0.282484205998688,-0.4946372035144406,0.2302825909832796,778.4615384615386,833.6630036630037,863.0769230769231,729.3040293040292,536.7032967032967,-0.726318,0.096985,0.741211,-4.015045,-6.7590330000000005,22.624817
2021-10-14 14:54:12.519,1.133955735950943,1.140623466524384,1.2917821239763139,2.182710660324253,0.3645739961811595,0.4911357799308796,0.564134549897988,0.4027249602350957,0.5760684787567801,0.1074140322209571,0.4981822608386866,0.702933450406487,0.1700944564384211,0.1837380773191454,0.1250760564382674,0.7150229141542133,0.02809797033066427,-0.282484205998688,-0.4946372035144406,0.2302825909832796,778.0586080586081,624.1391941391943,770.8058608058608,758.7179487179487,1114.102564102564,-0.35144000000000003,0.323364,0.9084469999999999,0.852356,-7.439423,3.4841919999999997
2021-10-14 14:54:13.510,1.133955735950943,1.140623466524384,1.31337890549139,2.182710660324253,0.3645739961811595,0.4911357799308796,0.8063196756137155,0.4027249602350957,0.5760684787567801,0.1074140322209571,0.49202879690999396,0.702933450406487,0.1700944564384211,0.1837380773191454,-0.01588304771517538,0.7150229141542133,0.02809797033066427,-0.282484205998688,-0.3148123892331067,0.2302825909832796,778.8644688644688,1625.4212454212452,742.6007326007326,793.3699633699633,704.7252747252749,0.075012,0.162964,0.992676,3.424377,-52.68905600000001,-37.309265
2021-10-14 14:54:14.509,1.7905821833083748,1.140623466524384,1.8056911093501329,2.182710660324253,1.184722485650488,0.4911357799308796,1.2904750345644251,0.4027249602350957,1.0784716918428658,0.1074140322209571,0.8801756970382932,0.702933450406487,0.5404019039433491,0.1837380773191454,0.1106219441010216,0.7150229141542133,0.45202097672630803,-0.282484205998688,-0.3142973737864301,0.2302825909832796,825.2014652014653,763.5531135531136,807.0695970695972,830.0366300366301,842.9304029304028,0.382324,0.21991,0.945435,1.061707,-11.716156,-17.286376999999998
2021-10-14 14:54:15.509,1.082818868708823,1.140623466524384,1.6977167162586118,2.182710660324253,0.9850318036087964,0.4911357799308796,1.17882405514372,0.4027249602350957,0.6409896059060025,0.1074140322209571,0.9308657156653141,0.702933450406487,0.3128304410032471,0.1837380773191454,0.2135997480604093,0.7150229141542133,-0.2020363974554837,-0.282484205998688,-0.40817720035706295,0.2302825909832796,756.3003663003664,715.6043956043958,811.9047619047618,768.3882783882783,1055.677655677656,0.247864,0.149109,0.966248,4.493561,-6.430054,1.114044
2021-10-14 14:54:16.510,1.1889753182610858,1.140623466524384,0.8288642142278664,2.182710660324253,0.7801347201423643,0.4911357799308796,0.5219283994288436,0.4027249602350957,0.9393791703830844,0.1074140322209571,0.5797210968224299,0.702933450406487,0.4424438881958276,0.1837380773191454,0.06630979792748656,0.7150229141542133,-0.04761926477191745,-0.282484205998688,-0.6793654338892487,0.2302825909832796,720.0366300366301,714.7985347985347,875.9706959706958,759.9267399267401,718.8278388278387,0.21923800000000002,0.13226300000000002,0.9859620000000001,-0.022430000000000002,4.523468,2.026215
2021-10-14 14:54:17.509,1.442010761191162,1.140623466524384,1.403526353182911,2.05071779668283,1.090813341132019,0.4911357799308796,0.9534445502352996,1.0927115362282378,1.184899262560398,0.1074140322209571,0.9027439938494858,1.1789488929046952,0.5805578236835616,0.1837380773191454,0.02002305849858706,0.5754110052005104,-0.015558724696604541,-0.282484205998688,-0.4523360045720934,0.2645237777684903,797.3992673992674,816.3369963369963,805.4578754578755,919.89010989011,847.7655677655678,0.136475,0.10955799999999999,0.990051,5.031891000000001,-6.684264999999999,1.712189
2021-10-14 14:54:18.510,1.129000309010738,1.140623466524384,1.269234919312868,2.189177563746898,0.8797429667985052,0.4911357799308796,0.7985408064779647,1.04424393014513,1.1500582326461408,0.1074140322209571,0.8784553759032282,1.062538942873651,0.3534068129914705,0.1837380773191454,-0.0172021999195498,0.4897315613250287,-0.03203607347984448,-0.282484205998688,-0.2894191660885735,0.3043124031025803,765.1648351648352,795.7875457875458,814.3223443223442,836.0805860805863,1254.7252747252749,0.143677,0.10845899999999999,0.9935299999999999,3.648682,-5.33844,-1.345825
2021-10-14 14:54:19.510,0.4299743837851466,1.140623466524384,1.029774068937473,1.5875959046385568,0.2501669322293479,0.4911357799308796,0.5154378546399622,0.7420004665009965,0.3888022537127561,0.1074140322209571,0.6056675763591391,0.9217453438009224,0.2402251855335927,0.1837380773191454,-0.001743358072275404,0.4369422315823494,0.008572668054881978,-0.282484205998688,-0.4880537875814741,0.3331820743294146,697.4725274725274,734.945054945055,804.2490842490844,778.0586080586081,730.5128205128206,0.141663,0.107117,0.9916379999999999,3.6187739999999997,-5.592651,0.456085
2021-10-14 14:54:20.509,0.3680482625855004,1.140623466524384,0.5073504151545368,1.79966194318981,0.2954315861232436,0.4911357799308796,0.2903498221611966,0.5315039894413529,0.4767641517377129,0.1074140322209571,0.2379055562731701,0.5193633421452802,0.2705186705364918,0.1837380773191454,0.07071833986471182,0.4077190933946819,-0.1516632064135163,-0.282484205998688,-0.4881974240492487,0.3997389083540543,792.5641025641024,852.1978021978023,839.3040293040292,813.5164835164835,753.8827838827838,0.13915999999999998,0.114014,0.99823,4.4487,-4.6804809999999994,1.121521
2021-10-14 14:54:21.510,0.8123130190397774,1.140623466524384,0.6950176486785268,1.7898091566823682,0.3579157588378164,0.4911357799308796,0.4708111177460795,0.7566101911586811,0.5077510710331965,0.1074140322209571,0.4468391853154952,0.6705772691823004,0.47425964506403206,0.1837380773191454,0.007723148587817277,0.4444246179222432,0.1242210261089874,-0.282484205998688,-0.3856557092607677,0.2295323636149048,726.4835164835165,888.4615384615386,803.8461538461539,765.5677655677656,633.8095238095239,0.12329100000000001,0.127502,0.9955440000000001,5.099182,-3.678589,0.500946
2021-10-14 14:54:22.515,0.881645368421597,1.140623466524384,0.8498486477240371,1.957265947998007,0.5934431842889645,0.4911357799308796,0.42851965296576594,0.8501626880347155,0.6410160422656407,0.1074140322209571,0.4403525836722711,0.7905113023884263,0.5276100361355945,0.1837380773191454,0.05822836096500693,0.5863016365577297,0.1883952841624686,-0.282484205998688,-0.4276133706890735,0.3188788825980227,851.7948717948718,1611.318681318681,794.5787545787546,898.5347985347986,732.1245421245421,-0.08551,0.10119600000000001,0.985352,2.818756,41.922455,-11.536713
2021-10-14 14:54:23.514,1.1719597477811208,1.140623466524384,1.7464966464343101,1.927798570219814,0.7096343644586584,0.4911357799308796,0.6669426805692256,0.8431815123970106,0.3957804249372719,0.1074140322209571,0.4563991641000077,0.7905113023884263,0.4227082460180698,0.1837380773191454,0.09019415880064474,0.6880765128538843,0.3013192113758083,-0.282484205998688,-0.3566137045580123,0.4073973550174014,709.9633699633699,846.959706959707,827.2161172161173,836.8864468864468,680.1465201465203,-0.45373500000000005,0.011169,0.9017940000000001,5.839386,-10.975952000000001,-3.274841
2021-10-14 14:54:24.509,1.4781516463579483,1.140623466524384,1.729262901590426,1.927798570219814,0.6620727848132929,0.4911357799308796,0.5960403631569035,0.8431815123970106,0.5828342354355401,0.1074140322209571,0.5952109093170878,0.7905113023884263,0.4627753202457942,0.1837380773191454,-0.01071356244989275,0.6880765128538843,0.0816422982210739,-0.282484205998688,-0.4626870442293994,0.4073973550174014,707.5457875457877,599.1575091575091,845.3479853479854,778.4615384615386,629.7802197802197,-0.472412,0.068115,0.885315,4.007568,0.770111,-8.830109
2021-10-14 14:54:25.509,1.492566238317518,1.140623466524384,1.660919978072465,1.927798570219814,1.185936926207928,0.4911357799308796,0.9834628588667004,0.8431815123970106,1.162145157188306,0.1074140322209571,0.7868658023358127,0.7905113023884263,0.4130597366440154,0.1837380773191454,-0.05938807457634705,0.6880765128538843,0.1779946554042532,-0.282484205998688,-0.4312393318663967,0.4073973550174014,785.3113553113553,1625.0183150183152,805.054945054945,502.8571428571429,690.6227106227108,-0.476929,0.012938999999999999,0.8635860000000001,1.443024,-8.344116,-0.485992
2021-10-14 14:54:26.510,1.2917826449259042,1.140623466524384,1.654347509520109,1.927798570219814,1.23543921470048,0.4911357799308796,1.04976532043421,0.8431815123970106,1.2087643509401471,0.1074140322209571,0.9123781751348552,0.7905113023884263,0.4570483704529147,0.1837380773191454,0.04632304177676095,0.6880765128538843,0.274477002093098,-0.282484205998688,-0.2946027039297307,0.4073973550174014,817.1428571428571,725.6776556776558,795.7875457875458,854.2124542124542,567.3260073260074,-0.464417,-0.020386,0.884705,8.336639,-0.463562,5.046844
2021-10-14 14:54:27.510,1.2879484260281369,1.140623466524384,1.165045835345742,1.927798570219814,1.163634021223916,0.4911357799308796,0.9794849005884854,0.8431815123970106,1.041379334023062,0.1074140322209571,0.9234144471695264,0.7905113023884263,0.4518743371394063,0.1837380773191454,0.08030201497434121,0.6880765128538843,0.1999381965603391,-0.282484205998688,-0.3549118937899655,0.4073973550174014,759.5238095238095,741.3919413919414,815.934065934066,832.8571428571429,735.3479853479854,-0.413574,-0.006104,0.9242549999999999,5.712280000000001,-5.839386,1.712189
2021-10-14 14:54:28.516,0.9431340318278304,1.140623466524384,0.878563019653436,1.334951914410557,0.9117326534051188,0.4911357799308796,0.5380809823738262,0.5894208524466045,1.042430433138014,0.1074140322209571,0.6132321676814249,0.6280410651666175,0.460476405359326,0.1837380773191454,-0.016623323708970742,0.4688937638674537,0.1597643836539465,-0.282484205998688,-0.3171509510995152,0.673588021247227,828.4249084249085,0.0,736.1538461538463,922.7106227106227,765.5677655677656,-0.588074,0.162231,0.81781,-16.456451,16.232147,42.961731
2021-10-14 14:54:29.509,0.6072877982251245,1.140623466524384,0.8150534868062878,1.289426058353958,0.8526608636790342,0.4911357799308796,0.3735447425879317,0.6415491698133428,0.9516109680449504,0.1074140322209571,0.2961143088393429,0.6280410651666175,0.4859397726143954,0.1837380773191454,-0.1047142015199762,0.5039415914249407,0.1533976904041852,-0.282484205998688,-0.2652308026579653,0.6810367206994806,728.4981684981685,1250.2930402930401,829.6336996336996,811.098901098901,624.1391941391943,-0.786316,-0.044739,0.594666,11.118011,-14.878845000000002,7.402039
2021-10-14 14:54:30.510,0.6072877982251245,1.140623466524384,0.8150534868062878,1.289426058353958,0.8526608636790342,0.4911357799308796,0.3735447425879317,0.6415491698133428,0.9516109680449504,0.1074140322209571,0.2961143088393429,0.6280410651666175,0.4859397726143954,0.1837380773191454,-0.1047142015199762,0.5039415914249407,0.1533976904041852,-0.282484205998688,-0.2652308026579653,0.6810367206994806,733.3333333333335,837.2893772893773,792.1611721611722,596.7399267399268,1093.956043956044,-0.647095,0.13208,0.769775,4.61319,-12.493744,5.50293
2021-10-14 14:54:31.518,0.6072877982251245,1.140623466524384,0.8150534868062878,1.289426058353958,0.8526608636790342,0.4911357799308796,0.3735447425879317,0.6415491698133428,0.9516109680449504,0.1074140322209571,0.2961143088393429,0.6280410651666175,0.4859397726143954,0.1837380773191454,-0.1047142015199762,0.5039415914249407,0.1533976904041852,-0.282484205998688,-0.2652308026579653,0.6810367206994806,799.4139194139194,842.9304029304028,761.1355311355313,743.0036630036632,721.2454212454213,-0.705933,0.080627,0.75354,5.069275,12.112427,-4.972076
2021-10-14 14:54:32.510,0.6072877982251245,1.140623466524384,0.8150534868062878,1.289426058353958,0.8526608636790342,0.4911357799308796,0.3735447425879317,0.6415491698133428,0.9516109680449504,0.1074140322209571,0.2961143088393429,0.6280410651666175,0.4859397726143954,0.1837380773191454,-0.1047142015199762,0.5039415914249407,0.1533976904041852,-0.282484205998688,-0.2652308026579653,0.6810367206994806,781.2820512820513,674.1025641025641,784.9084249084249,788.5347985347986,771.2087912087912,-0.27618400000000004,0.121582,0.958191,2.8411869999999997,-6.5571589999999995,2.878571
2021-10-14 14:54:33.509,1.8532088305950158,1.140623466524384,1.206542785226008,1.975309568944579,0.9964179644037398,0.4911357799308796,0.5032659625895306,0.8577265281304125,0.6736608314251981,0.1074140322209571,0.6349037016314543,0.6433968548644691,0.39809371944300004,0.1837380773191454,0.1962979403631673,0.7291334383472118,0.1560996243560965,-0.282484205998688,-0.3608833747029102,1.041954556956231,755.8974358974359,711.1721611721613,806.6666666666667,836.8864468864468,1091.941391941392,-0.28320300000000004,0.094971,0.96814,3.6860660000000003,-5.87677,-7.813263
2021-10-14 14:54:34.510,1.598772172106576,1.032116262742153,0.8931504624887777,1.649859333987979,0.8089837111919511,0.7541583124280826,0.4379999065732291,0.6307379202518091,0.7045687281596927,0.7386931246110201,0.5283472535187579,0.6978040319367901,0.3046228761886194,0.2802569612389866,0.08668692774634311,0.5975603654164225,0.1521289844943235,0.0008833937882885203,-0.4267910373953724,0.7964198269926746,728.4981684981685,716.007326007326,809.4871794871796,820.7692307692308,782.4908424908424,-0.303101,0.090515,0.967773,4.381409,-3.125305,-2.467346
2021-10-14 14:54:35.510,0.8691365927554425,0.8783771012328568,1.4141232806615331,1.292121565904405,0.6809977081676278,0.5935765218629887,1.084545750631646,0.2267440536062262,0.4437098153376252,0.4912025211720245,0.8300885281721364,0.3721111084430037,0.1474860106026993,0.1612634182748838,-0.01970330537362586,0.5356177719871327,0.08321730115872675,-0.2216848369672747,-0.3368024683125929,0.5238243064356508,813.5164835164835,718.4249084249085,796.9963369963369,788.9377289377289,778.8644688644688,-0.299255,0.089417,0.967468,3.925323,-5.682373,0.508423
2021-10-14 14:54:36.523,0.8872980349389152,0.6407467860278517,0.4645063405768703,1.631310715010386,0.0137222279007183,0.3115264119648049,0.04657146403290903,0.3609814635206873,0.3638500480549881,0.3435199947267601,0.2974469568904568,0.6014500339302867,0.4536102760884285,0.1804303825106661,-0.02036424866357124,0.6751693547081122,0.2378291371076454,-0.2260098353296701,-0.4882338919820695,0.5594443155190266,750.2564102564102,735.3479853479854,802.2344322344322,833.6630036630037,738.1684981684982,-0.296021,0.10382100000000001,0.970886,3.476715,-3.476715,1.2261959999999998
2021-10-14 14:54:37.510,0.3898611092173954,1.171949998429237,0.5709800762135911,1.767500518388339,0.5036180808049288,0.5110342968404209,0.3130484299171544,0.5390058891387045,0.4123363513108392,0.4419657249343574,0.4835610726103724,0.5729484643693723,0.3743900626928235,0.0934358267320997,0.12071953907931698,0.658115523575302,0.002728892452949222,-0.3075706053768805,-0.5463447276069495,0.649784597782625,807.0695970695972,756.7032967032968,807.4725274725274,823.5897435897436,660.0,-0.287659,0.090637,0.971985,3.9851379999999996,-5.6748959999999995,1.300964
2021-10-14 14:54:38.510,0.7354936981762151,0.8708017612813972,0.7507407014572444,1.117802130620038,0.6452610268152095,0.4964899795795173,0.3028570943633893,0.7100207901435529,0.6405687820640734,0.1442772936896567,0.4252373660813091,0.5196847882248623,0.36164098647835097,0.0052515451196884725,0.06702762319871701,0.8222429263058647,0.2215481331683659,-0.3907343294958095,-0.6074979557646076,0.5980303969856046,801.025641025641,762.3443223443222,809.8901098901099,843.7362637362637,726.8864468864468,-0.289246,0.10766600000000001,0.9641719999999999,4.441223,-2.736511,-2.205658
2021-10-14 14:54:39.509,0.7851743228667771,1.198123474920459,1.083721984204205,0.8058595673701769,0.4734881098668484,0.9378544938753572,0.6809712693955702,0.4146429979133843,0.6385526976834921,0.9869394985397388,0.6809736896666986,0.7013815459647919,0.2911415246363177,0.2726232456543934,-0.05457663285694581,0.7053524522391359,0.1906853460481529,-0.2326126706458664,-0.4836756040634257,0.6993429702638587,732.5274725274727,751.0622710622711,801.025641025641,829.6336996336996,1082.271062271062,-0.29895,0.12145999999999998,0.966492,3.18512,-6.6020199999999996,-0.044861
2021-10-14 14:54:40.509,0.5153607925522508,1.5121175209978033,0.2875117335035766,0.7294306081633842,0.1815092922165143,0.8684822577741098,0.1099316351076259,0.43585178477951897,0.3378050881636897,0.915114271240472,0.1712952352927219,0.6884772335958577,0.2911168142263037,0.1674970342618932,-0.1438823236316828,0.5429164677718463,0.2089830061738418,-0.2493675445257038,-0.4449374190955803,0.6049624795624579,811.9047619047618,765.9706959706958,799.4139194139194,757.1062271062273,655.9706959706958,-0.31189,0.137573,0.952393,4.82254,-4.9646,0.5906680000000001
2021-10-14 14:54:41.509,0.2472445178076129,1.1068474264764092,0.3606728426284453,0.8871110419809666,0.2929210274946862,0.4868695648638226,-0.1716198715830139,0.5167653036200374,0.4261604903920092,0.5907613954982064,0.2216175785465695,0.7796906710739131,0.2172271376454148,-0.051522177448773014,-0.1262288766238147,0.3173769745321949,0.009013364372289384,-0.3204812422759815,-0.5836003828620826,0.3101898433938008,784.5054945054945,771.6117216117217,817.1428571428571,816.3369963369963,714.7985347985347,-0.31262199999999996,0.131653,0.94458,4.194489,-5.615082,0.755157
2021-10-14 14:54:42.514,0.7221512522624784,0.9663089228756904,0.9989450539020944,0.7466347605075195,0.4734851229369427,0.6227243881600532,0.09207131157656996,0.6462661264970035,0.4757440843455185,0.4043155558641865,0.7519396069562078,0.895393699441173,0.3998764985405176,0.1018283427731885,0.001678760482624923,0.5126444337475816,0.007580831447596139,-0.3465669018153464,-0.4757281727991457,0.6757650016067188,724.8717948717949,755.0915750915751,775.2380952380953,815.1282051282053,1052.051282051282,-0.288635,0.10790999999999999,0.9673459999999999,3.858032,-3.289795,-3.74588
2021-10-14 14:54:43.509,0.6095361384185398,1.386771664668574,1.3579813358046842,0.830428313351422,0.4973622212831963,0.9390812693294572,0.4586599124531835,0.6810990325603699,0.6344024589266878,0.4156566360642027,0.7595228568320034,0.7993674974475578,0.4977795050628663,0.2179714378738143,0.1133872165923985,0.6863217917683165,0.1558437522455693,-0.2493695803980037,-0.3117046911962117,0.7546343643844802,805.054945054945,785.7142857142858,794.981684981685,791.7582417582418,711.978021978022,-0.329346,0.10540799999999999,0.9492799999999999,3.858032,-4.486084,0.822449
2021-10-14 14:54:44.510,1.457599782356013,1.310047305008525,1.1773455967274529,1.376212215570936,1.133922038456008,1.049331618258293,0.4632092089806401,1.011266569488314,0.9810025241926942,0.8350743404345394,0.4918165323868011,1.046684161234081,0.3693769175122804,0.02138352552094627,0.06559252060316999,0.6802928224643929,0.2669559594471395,-0.1525781482991575,-0.279353806351674,0.5759611721616325,797.8021978021977,774.4322344322345,803.8461538461539,792.5641025641024,732.1245421245421,-0.32824699999999996,0.083069,0.9375610000000001,3.140259,-6.654358,-0.8822629999999999
2021-10-14 14:54:45.510,1.0519325973035458,0.7404801659546613,0.5148262894072172,0.8364908084237974,0.4856267309454146,0.6629989797294399,0.007644767090122771,0.2908116103848554,0.6923736033389344,0.5987549726395196,0.10340399210376,0.7038709763335718,0.1861101913904165,0.03786381034061735,-0.1617255314561192,0.6940220049539766,0.03510978569813318,-0.2115906426232742,-0.3665207437994461,0.6336831975353788,741.7948717948718,769.1941391941392,796.9963369963369,801.4285714285713,1158.827838827839,-0.32513400000000003,0.089111,0.9541629999999999,4.358978,-6.856232,2.848663
2021-10-14 14:54:46.510,0.6472283746554398,1.168976158633315,0.2566219524040446,0.5847708554709449,0.2860853360747105,0.730360667220129,0.08997883568632048,0.1491622805835281,0.4593671115101271,0.7439527660992001,0.1882457718594829,0.3415684377698451,0.28480335978781396,0.2030820764759594,-0.13156293572282002,0.7164205179021402,-0.033084896134930514,-0.2222437803663156,-0.44002801479301096,0.6347663693941578,747.8388278388278,863.8827838827838,820.3663003663004,786.1172161172162,630.989010989011,-0.419861,0.07067899999999999,0.930298,2.512207,-4.538422,-3.1552119999999997
2021-10-14 14:54:47.515,0.9395520679068426,1.9756061136502368,0.619335074429411,0.7227920198478718,0.41718144665630197,0.947901461407142,-0.028735285971780364,0.3967426601203912,0.4249658153649488,0.8266508869947169,-0.2016986969441968,0.4174117099966453,0.2899800480274236,0.4334811927613798,-0.1502001528286121,0.5242041950488103,-0.04055955633855073,-0.2049723795955569,-0.5655763146076336,0.3017069255621946,701.098901098901,710.3663003663004,794.981684981685,759.9267399267401,621.3186813186812,-0.288635,0.12200899999999999,0.9566040000000001,6.519775,-8.830109,2.2355650000000002
2021-10-14 14:54:48.509,0.931493556563187,1.997277706491704,0.6788713122523328,0.3935539522906368,0.2956900397827114,1.043389585768657,-0.1063166390750929,0.3295113001529141,0.5547654647838219,0.672640849482866,-0.0769402321711666,0.4526914545874977,0.151893594160169,0.3440352944430735,-0.1644817405842627,0.605822804357456,-0.03766626059587396,-0.2386448753975709,-0.5717656195901228,0.3741171881463261,740.5860805860806,771.2087912087912,808.2783882783882,790.5494505494507,1119.340659340659,-0.324463,0.099426,0.9586180000000001,4.478607,-5.9889220000000005,0.680389
2021-10-14 14:54:49.509,1.062255068076853,1.695417563039601,1.045529329262349,0.5673040020681709,0.6915041617046104,0.8135430705143131,0.3159077225898511,0.1980691862173416,0.938343102710271,0.5637966251071249,0.7872731735031259,0.5206168431159498,0.2880189772749465,0.1662834151669174,-0.1658772808489537,0.5369840444897638,0.1431236861553789,-0.1446550734089314,-0.5007405384957976,0.4408253522153387,793.7728937728937,776.0439560439562,793.3699633699633,754.6886446886447,733.7362637362637,-0.333679,0.093933,0.955139,4.007568,-6.639403999999999,0.104675
2021-10-14 14:54:50.510,1.1765411302304372,1.7714610476398212,1.8137963055428932,0.8427385772557073,1.097076707044859,1.0086075167912991,1.2068890803141532,0.5079045471480826,1.014556168456625,0.6873250236815749,1.076370538954765,0.4718585352141807,0.6578776647096541,0.3092396621823824,0.1226399821684275,0.5508519017124683,0.32946756246336,-0.1050235715120408,-0.3604268505387713,0.7445477445447788,768.3882783882783,724.8717948717949,774.4322344322345,793.3699633699633,801.025641025641,-0.330017,0.096558,0.9454959999999999,4.037476,-4.254303,-0.18692
2021-10-14 14:54:51.510,1.3246893368006178,1.6712562002271083,2.03181891804928,0.8427464644448873,1.1846799572912459,1.07805022687094,1.462656918447522,0.5759523294995081,0.9109221357861162,0.6365206999375008,1.034768140085201,0.4718585352141807,0.7485775873968861,0.4331061551943771,0.1989427930846146,0.5781984244038912,0.3249798533850908,-0.1819063587202304,-0.2860471597852901,0.7916905963039911,738.1684981684982,811.9047619047618,803.4432234432236,773.6263736263736,894.1025641025641,-0.304688,0.088684,0.9912110000000001,0.635529,-21.174316,-0.149536
2021-10-14 14:54:52.510,1.5527102820916632,1.818657689452331,1.3315879590265691,0.9243286131142274,1.1456685344089919,1.200808217672022,1.051357156315746,0.7930188349469756,0.9641548066088416,0.6365206999375008,0.5858009573988948,0.6967628588067392,0.4918856998886982,0.5108588596367294,0.1547132714705,0.7002881667909161,0.2123682317694665,-0.1459150610923488,-0.3364913076887693,0.4708775972485982,763.1501831501831,777.2527472527472,809.0842490842491,776.8498168498169,589.0842490842491,-0.306641,0.090759,0.970398,5.211334,-11.499329,0.35141
2021-10-14 14:54:53.510,1.366889506355744,1.818657689452331,0.8489652139807539,0.8667969807761927,0.904686455056514,1.200808217672022,0.6337871530015985,0.6681722202076876,0.6940657913501911,0.6365206999375008,0.2449315143255967,0.5906875433313816,0.3758787697835712,0.5108588596367294,0.06617652087482823,0.7184792589420184,0.17911931058068498,-0.1459150610923488,-0.3499045983910396,0.4736750675195902,726.8864468864468,793.3699633699633,812.7106227106227,785.7142857142858,559.2673992673992,-0.319641,0.083984,0.952759,3.72345,0.7775880000000001,0.7102970000000001
2021-10-14 14:54:54.509,1.306157835824884,1.818657689452331,0.5611589312397801,1.5372197204639029,0.3970001958484072,1.200808217672022,-0.1957902451887829,0.8452804703922007,0.6661332376389463,0.6365206999375008,-0.1752089801119007,0.6534633232098259,0.487027299871531,0.5108588596367294,0.06500746865980334,0.9799301309332148,0.2290718148199116,-0.1459150610923488,-0.3472067899005017,0.5731112013889428,732.1245421245421,685.7875457875458,829.2307692307692,830.8424908424909,1070.586080586081,-0.292542,0.083191,0.975403,3.872986,0.231781,1.622467
2021-10-14 14:54:55.515,1.372586733400423,1.818657689452331,1.036992892376829,1.667486827028387,0.9283728497334248,1.200808217672022,0.6599691388473471,1.063786033389453,0.7905522711754417,0.6365206999375008,0.8932241119262977,0.9240745196317915,0.5983070443848695,0.5108588596367294,0.1792810705549661,0.8645464190266078,0.4114949567320594,-0.1459150610923488,-0.1585150622434028,0.744794558486468,793.7728937728937,853.0036630036632,807.0695970695972,820.3663003663004,768.7912087912088,-0.339661,0.044739,0.933594,1.3981629999999998,-1.05423,-8.336639
2021-10-14 14:54:56.516,1.327617369034676,1.818657689452331,1.3469727805045157,1.377965129167442,0.8574981778356233,1.200808217672022,0.9407006845648588,1.04155398162845,0.7666324976050115,0.6365206999375008,0.9102747114621836,0.8754887045202544,0.503761868344772,0.5108588596367294,0.02487709713034761,0.7061636769896025,0.3570534595169412,-0.1459150610923488,-0.3271262089919226,0.6854632262218823,749.4505494505495,733.7362637362637,814.3223443223442,811.098901098901,722.8571428571429,-0.370605,0.034485,0.935242,4.957123,-4.9646,11.701202
2021-10-14 14:54:57.516,1.111137475668645,1.818657689452331,0.9643061875708616,0.7332402964877525,0.3702218941234415,1.200808217672022,0.4063563014860742,0.6371952648758678,0.4621828222259894,0.6365206999375008,0.1907185635157563,0.7751165716437864,0.3358379924198881,0.5108588596367294,-0.060121127469577935,0.7025135009314288,0.15445150819648598,-0.1459150610923488,-0.3289482440856162,0.5236456431927754,796.1904761904763,766.3736263736264,808.2783882783882,770.8058608058608,709.5604395604396,-0.363647,0.041931,0.940002,4.695435,-6.355286,1.05423
2021-10-14 14:54:58.515,1.1330827724071322,1.7438564721825818,1.5142612943609282,1.565820172447407,0.9162955562025992,1.080861102306982,0.8558888554090103,0.6259382872512206,1.071496288067059,1.293071779652551,0.5953177256120996,0.4670069840709885,0.5718608705540507,0.5442225465999645,-0.3397780205086912,0.8689268253724747,0.4415165241089459,-0.2008513622564773,-0.4271279283299939,0.6785132055239842,819.96336996337,784.1025641025641,793.3699633699633,812.7106227106227,645.0915750915751,-0.352539,0.047974,0.9470209999999999,3.4916690000000004,-4.635619999999999,0.17944300000000002
2021-10-14 14:54:59.517,0.95292089773225,1.647548156067229,1.4568892601519752,1.4689702132893783,0.6722629878271856,1.1913711673791598,0.8429481324434379,0.8035895512043039,1.03999640794873,1.5596680062576709,0.7267791814980403,0.9200748080702752,0.7560968570671619,0.6714070298765946,-0.09012659475608466,0.9844508058551216,0.3852820595475455,-0.049594367901595764,-0.4097893936808948,0.5589356657406689,703.9194139194141,776.4468864468864,930.7692307692308,730.9157509157509,654.7619047619047,-0.341431,0.053466999999999994,0.9526979999999999,5.114136,-6.25061,0.897217
2021-10-14 14:55:00.510,1.1090405119909441,1.472944062721148,1.4568892601519752,1.267923667016926,0.8237387395346477,0.9838462596699744,0.8429481324434379,0.901659722594338,1.1056216656722702,1.056259553466292,0.7267791814980403,0.9463668575072168,0.8667146223748098,0.35078390346036703,-0.09012659475608466,1.062318837791836,0.4438287826135526,-0.2196762535805706,-0.4097893936808948,0.5922612781139429,794.5787545787546,778.4615384615386,826.8131868131868,770.8058608058608,751.0622710622711,-0.342041,0.060425,0.949707,3.3944699999999997,-4.299164,-0.343933
2021-10-14 14:55:01.510,1.40369076416046,1.2641402305058078,1.21979192332451,1.0002856821800492,1.210767079720897,0.8851105992149049,0.684120031387963,0.8485801547919125,1.100793624067566,0.98023246121322,0.8698068780524338,0.95774036009469,0.6228260098392531,0.2264689337313226,0.1442972702861351,1.094706423734281,0.280149192847573,-0.5347519436856577,-0.2199197195298247,0.6587483736341335,782.8937728937731,784.1025641025641,806.2637362637363,759.1208791208792,614.4688644688645,-0.337097,0.052428999999999996,0.9541629999999999,5.360869999999999,-6.893616000000001,1.6822810000000001
2021-10-14 14:55:02.510,1.223697900411717,1.0455587697897901,0.9516951758749008,1.5827479041436119,1.086912649291416,0.895023219358168,0.3619818339414546,0.9008167740743372,1.1482711104627772,0.4538784107108794,0.8240445689333561,0.8673355125363842,0.6723418112192658,-0.11367830972124901,-0.05185782397617344,0.9566015765257222,0.27807339936383096,-0.5768831478156423,-0.3120636098380058,0.6361055855567352,732.1245421245421,848.1684981684982,802.2344322344322,842.5274725274727,713.1868131868132,-0.339966,0.069824,0.9481200000000001,2.751465,-5.87677,1.039276
2021-10-14 14:55:03.510,1.011923299298892,1.0455587697897901,0.8068980880665243,1.089970552843616,0.6002298535270256,0.895023219358168,0.1037536073857909,0.6006795627424815,0.7453622833615392,0.4538784107108794,0.1905415044423239,0.8586871943591504,0.6490235894223503,-0.11367830972124901,-0.08478728055960598,0.9202593898033792,0.2861016881025704,-0.5768831478156423,-0.3378345734405629,0.6582989137455267,810.6959706959708,781.6849816849817,806.2637362637363,770.8058608058608,612.0512820512821,-0.338928,0.056274,0.9503780000000001,4.059906,-5.644989,0.964508
2021-10-14 14:55:04.509,1.207132104776144,1.0455587697897901,0.8867998182001164,0.8734118022422989,0.4726114497674774,0.895023219358168,0.3119101317904363,0.5816997306675058,0.54000169157907,0.4538784107108794,0.3389038269549078,0.7906772980235461,0.5445799992645215,-0.11367830972124901,0.02971246650616482,0.7543342068669516,0.1939902517336032,-0.5768831478156423,-0.2917639223366217,0.6108229214830291,749.8534798534797,739.7802197802197,828.4249084249085,700.2930402930403,757.5091575091576,-0.341675,0.062134,0.960205,3.8356019999999997,-5.435638,0.17944300000000002
2021-10-14 14:55:05.518,1.207132104776144,1.0455587697897901,1.8627351650768034,0.8734118022422989,0.4726114497674774,0.895023219358168,1.3623301865126651,0.5816997306675058,0.54000169157907,0.4538784107108794,0.8835162293447902,0.7906772980235461,0.5445799992645215,-0.11367830972124901,0.3121718353851017,0.7543342068669516,0.1939902517336032,-0.5768831478156423,-0.2785636468241215,0.6108229214830291,890.4761904761905,1625.4212454212452,848.1684981684982,860.2564102564102,751.4652014652015,-0.600708,0.090576,0.825623,12.867583999999999,27.679138000000002,-9.764709
2021-10-14 14:55:06.516,1.207132104776144,1.0455587697897901,1.926492913836633,0.8734118022422989,0.4726114497674774,0.895023219358168,1.3665371302523122,0.5816997306675058,0.54000169157907,0.4538784107108794,0.8835162293447902,0.7906772980235461,0.5445799992645215,-0.11367830972124901,0.3568164526097217,0.7543342068669516,0.1939902517336032,-0.5768831478156423,-0.1934809996356127,0.6108229214830291,861.4652014652015,0.0,685.7875457875458,784.9084249084249,690.6227106227108,-0.164185,0.088501,0.9729610000000001,12.448883,3.140259,16.650848
2021-10-14 14:55:07.510,1.207132104776144,1.0455587697897901,1.926492913836633,0.8734118022422989,0.4726114497674774,0.895023219358168,1.3665371302523122,0.5816997306675058,0.54000169157907,0.4538784107108794,0.8835162293447902,0.7906772980235461,0.5445799992645215,-0.11367830972124901,0.3568164526097217,0.7543342068669516,0.1939902517336032,-0.5768831478156423,-0.1934809996356127,0.6108229214830291,800.2197802197803,684.1758241758242,791.3553113553114,782.0879120879122,785.3113553113553,-0.152771,0.107117,0.9931030000000001,5.749664,-11.19278,2.4823
2021-10-14 14:55:08.519,1.37033254766073,1.0455587697897901,1.1376792208339601,1.8697573151237559,0.9305758484823043,0.895023219358168,0.6461642577021052,0.4743175853125584,0.875991300224882,0.4538784107108794,0.4524602040774058,0.6868128752306503,0.7067860879925321,-0.11367830972124901,0.06361099810247703,0.7052212906537808,0.2964722412223192,-0.5768831478156423,-0.5381790129506956,0.5645826359542505,736.1538461538463,882.8205128205127,803.4432234432236,813.9194139194141,729.7069597069597,-0.226929,0.115723,0.9888309999999999,3.102875,-4.777679,0.209351
2021-10-14 14:55:09.510,0.8689009610807666,1.0455587697897901,1.2458191841168822,1.8297155573592851,0.7157258961428268,0.895023219358168,0.8034613990172195,0.6678921364164907,0.9981207424224424,0.4538784107108794,0.7297170449321015,0.7681527474916132,0.7369109949135829,-0.11367830972124901,0.1163278909251315,0.61375250272056,0.2912682164499037,-0.5768831478156423,-0.3471873946583108,0.3869740479086828,779.6703296703297,584.6520146520148,810.2930402930403,819.96336996337,1177.765567765568,-0.266541,0.115906,0.9699709999999999,4.11972,-5.3160099999999995,-2.018738
2021-10-14 14:55:10.509,0.9954484449520964,1.0455587697897901,1.095572676474773,1.2283158768767848,0.7847969573662322,0.895023219358168,0.7678100556223113,0.915437528793287,0.988965240681922,0.4538784107108794,0.6300029740131955,0.9616467906635314,0.7564167358392402,-0.11367830972124901,0.1992490005132051,0.7474231820422313,0.3355570921278399,-0.5768831478156423,-0.2604237331497716,0.3528357372462305,780.0732600732601,846.959706959707,782.0879120879122,806.2637362637363,666.8498168498169,-0.29986599999999997,0.09564199999999999,0.960083,3.7608339999999996,-4.42627,1.293488
2021-10-14 14:55:11.510,0.9954484449520964,1.0455587697897901,1.095572676474773,1.2283158768767848,0.7847969573662322,0.895023219358168,0.7678100556223113,0.915437528793287,0.988965240681922,0.4538784107108794,0.6300029740131955,0.9616467906635314,0.7564167358392402,-0.11367830972124901,0.1992490005132051,0.7474231820422313,0.3355570921278399,-0.5768831478156423,-0.2604237331497716,0.3528357372462305,767.1794871794873,343.6996336996337,809.0842490842491,750.6593406593408,572.5641025641024,-0.547424,-0.059753,0.8662110000000001,8.747864,-0.052338,-13.256378
2021-10-14 14:55:12.510,0.9954484449520964,1.0455587697897901,1.095572676474773,1.2283158768767848,0.7847969573662322,0.895023219358168,0.7678100556223113,0.915437528793287,0.988965240681922,0.4538784107108794,0.6300029740131955,0.9616467906635314,0.7564167358392402,-0.11367830972124901,0.1992490005132051,0.7474231820422313,0.3355570921278399,-0.5768831478156423,-0.2604237331497716,0.3528357372462305,870.7326007326008,408.974358974359,792.1611721611722,754.6886446886447,1195.0915750915751,-0.456665,0.030456999999999998,0.895508,-10.018921,-7.416992,37.20459
2021-10-14 14:55:13.518,0.9954484449520964,1.0455587697897901,1.095572676474773,1.2283158768767848,0.7847969573662322,0.895023219358168,0.7678100556223113,0.915437528793287,0.988965240681922,0.4538784107108794,0.6300029740131955,0.9616467906635314,0.7564167358392402,-0.11367830972124901,0.1992490005132051,0.7474231820422313,0.3355570921278399,-0.5768831478156423,-0.2604237331497716,0.3528357372462305,757.1062271062273,1083.882783882784,795.3846153846154,823.992673992674,650.7326007326008,-0.432068,0.159546,0.896545,4.889832,-2.093506,-4.620667
2021-10-14 14:55:14.509,0.9954484449520964,1.0455587697897901,1.095572676474773,1.2283158768767848,0.7847969573662322,0.895023219358168,0.7678100556223113,0.915437528793287,0.988965240681922,0.4538784107108794,0.6300029740131955,0.9616467906635314,0.7564167358392402,-0.11367830972124901,0.1992490005132051,0.7474231820422313,0.3355570921278399,-0.5768831478156423,-0.2604237331497716,0.3528357372462305,732.5274725274727,704.7252747252749,826.4102564102565,818.7545787545787,911.8315018315021,-0.233704,0.067444,0.971985,1.128998,-9.891815,4.530945
2021-10-14 14:55:15.510,0.9954484449520964,1.0455587697897901,1.095572676474773,1.2283158768767848,0.7847969573662322,0.895023219358168,0.7678100556223113,0.915437528793287,0.988965240681922,0.4538784107108794,0.6300029740131955,0.9616467906635314,0.7564167358392402,-0.11367830972124901,0.1992490005132051,0.7474231820422313,0.3355570921278399,-0.5768831478156423,-0.2604237331497716,0.3528357372462305,800.2197802197803,1627.8388278388281,758.3150183150183,781.2820512820513,570.952380952381,-0.48895299999999997,0.014343,0.811462,-1.40564,-0.687866,-9.697417999999999
2021-10-14 14:55:16.520,0.9954484449520964,1.0455587697897901,1.095572676474773,1.2283158768767848,0.7847969573662322,0.895023219358168,0.7678100556223113,0.915437528793287,0.988965240681922,0.4538784107108794,0.6300029740131955,0.9616467906635314,0.7564167358392402,-0.11367830972124901,0.1992490005132051,0.7474231820422313,0.3355570921278399,-0.5768831478156423,-0.2604237331497716,0.3528357372462305,703.9194139194141,667.6556776556777,902.5641025641023,712.7838827838829,637.8388278388279,-0.518799,0.030762,0.8533940000000001,3.132782,-11.043242999999999,3.8505550000000004
2021-10-14 14:55:17.510,0.9954484449520964,1.0455587697897901,1.095572676474773,1.2283158768767848,0.7847969573662322,0.895023219358168,0.7678100556223113,0.915437528793287,0.988965240681922,0.4538784107108794,0.6300029740131955,0.9616467906635314,0.7564167358392402,-0.11367830972124901,0.1992490005132051,0.7474231820422313,0.3355570921278399,-0.5768831478156423,-0.2604237331497716,0.3528357372462305,832.4542124542123,640.6593406593407,803.040293040293,776.4468864468864,760.3296703296703,-0.504578,0.072266,0.8718870000000001,-2.198181,-6.430054,21.869659
2021-10-14 14:55:18.510,0.9954484449520964,1.0455587697897901,0.9766491601298879,0.8322185009838169,0.7847969573662322,0.895023219358168,0.6688611499154689,0.7210906642221531,0.988965240681922,0.4538784107108794,0.5910367418565033,0.6218571355116341,0.7564167358392402,-0.11367830972124901,0.1067721683672973,0.7325549127286941,0.3355570921278399,-0.5768831478156423,-0.2413053547242246,0.5776650234177486,812.3076923076924,786.1172161172162,749.047619047619,842.1245421245421,676.1172161172161,-0.409973,0.101257,0.914673,-0.411224,-8.478699,10.48996
2021-10-14 14:55:19.510,0.9954484449520964,1.0455587697897901,0.9766491601298879,0.8322185009838169,0.7847969573662322,0.895023219358168,0.6688611499154689,0.7210906642221531,0.988965240681922,0.4538784107108794,0.5910367418565033,0.6218571355116341,0.7564167358392402,-0.11367830972124901,0.1067721683672973,0.7325549127286941,0.3355570921278399,-0.5768831478156423,-0.2413053547242246,0.5776650234177486,864.2857142857142,1625.4212454212452,827.2161172161173,838.0952380952382,1147.142857142857,-0.717773,-0.005797999999999999,0.745667,-0.9420780000000001,33.197021,3.3496089999999996
2021-10-14 14:55:20.510,0.9954484449520964,1.0455587697897901,0.9766491601298879,0.8322185009838169,0.7847969573662322,0.895023219358168,0.6688611499154689,0.7210906642221531,0.988965240681922,0.4538784107108794,0.5910367418565033,0.6218571355116341,0.7564167358392402,-0.11367830972124901,0.1067721683672973,0.7325549127286941,0.3355570921278399,-0.5768831478156423,-0.2413053547242246,0.5776650234177486,743.0036630036632,875.9706959706958,758.7179487179487,796.5934065934067,794.981684981685,-0.7772220000000001,0.074158,0.655701,3.4916690000000004,-9.480591,-1.031799
2021-10-14 14:55:21.510,0.9954484449520964,1.0455587697897901,0.9766491601298879,0.8322185009838169,0.7847969573662322,0.895023219358168,0.6688611499154689,0.7210906642221531,0.988965240681922,0.4538784107108794,0.5910367418565033,0.6218571355116341,0.7564167358392402,-0.11367830972124901,0.1067721683672973,0.7325549127286941,0.3355570921278399,-0.5768831478156423,-0.2413053547242246,0.5776650234177486,755.8974358974359,0.0,745.0183150183151,746.2271062271063,768.3882783882783,-0.321594,0.042236,0.94458,3.02063,-0.18692,3.3570860000000002
2021-10-14 14:55:22.510,0.9954484449520964,1.0455587697897901,1.7478535999952922,0.8322185009838169,0.7847969573662322,0.895023219358168,0.6453747193495275,0.7210906642221531,0.988965240681922,0.4538784107108794,0.251232327894509,0.6218571355116341,0.7564167358392402,-0.11367830972124901,0.1400303300505155,0.7325549127286941,0.3355570921278399,-0.5768831478156423,-0.1637436875843781,0.5776650234177486,764.3589743589743,569.3406593406594,789.3406593406594,799.0109890109891,684.981684981685,-0.230225,0.066711,0.985901,5.286102,-1.9888310000000002,-0.800018
2021-10-14 14:55:23.510,1.459454853523295,1.0455587697897901,1.7524312286053558,1.280085254369338,1.3760578575365192,0.895023219358168,1.205634951235927,1.220617795550352,1.122763981710902,0.4538784107108794,0.9927008756357716,1.068634287479607,0.5085357058937067,-0.11367830972124901,0.06533135824749901,0.7384472858528568,0.2201545722753312,-0.5768831478156423,-0.2709186450582949,0.5865263178699107,771.2087912087912,0.0,778.0586080586081,747.0329670329671,626.1538461538463,-0.144592,0.073853,1.004944,3.828125,-11.132964999999999,4.329071
2021-10-14 14:55:24.519,1.3986312258233908,1.0455587697897901,1.5522450763537181,1.2564140133679689,1.065107430517293,0.895023219358168,1.028776582476216,0.8232457370598355,1.098513866585747,0.4538784107108794,0.9145888331412768,1.0769053883436979,0.57886963762689,-0.11367830972124901,-0.1316423208481349,0.7365332538236824,0.21573973232785898,-0.5768831478156423,-0.3718122196918118,0.573438712755416,734.1391941391942,593.919413919414,802.6373626373628,819.5604395604396,845.3479853479854,-0.069824,0.11071800000000001,1.0025629999999999,5.121613,-6.609497,0.216827
2021-10-14 14:55:25.510,1.235864681069944,1.0455587697897901,0.9515771548428588,1.0667019665819621,0.3439048536411066,0.895023219358168,0.3782399449641246,0.5808759570912757,0.802371473429053,0.4538784107108794,0.6706298388285721,0.7805417842349548,0.5991984236508247,-0.11367830972124901,-0.09483325251163356,0.7392371980165366,0.1024294290793085,-0.5768831478156423,-0.3674214001832889,0.5015003295110863,760.3296703296703,585.8608058608057,801.025641025641,819.5604395604396,776.8498168498169,-0.083374,0.1073,1.005676,4.015045,-5.069275,1.719666
2021-10-14 14:55:26.510,1.000330409439557,1.0455587697897901,0.8975923943594504,0.533505898445392,0.4286793081503772,0.895023219358168,0.4729063350170341,0.4577692890047895,0.593204048763874,0.4538784107108794,0.6706298388285721,0.7394944042269269,0.5583887434422963,-0.11367830972124901,0.01519294585727224,0.7655711496058814,0.035694170419919916,-0.5768831478156423,-0.4162772372937101,0.5007075207899303,781.2820512820513,749.047619047619,810.2930402930403,760.7326007326008,640.2564102564102,-0.096069,0.10992400000000001,0.995972,3.551483,-6.572113000000001,-0.9495540000000001
2021-10-14 14:55:27.510,1.075249868110177,1.0455587697897901,0.7388307093960041,0.5389032787178751,0.5846664223460389,0.895023219358168,0.04441009668390285,0.29456195521772804,0.8942897156049864,0.4538784107108794,0.0282982225130399,0.7070684066511154,0.6336866625883556,-0.11367830972124901,-0.036757308348538915,0.709990610033744,0.0757051490180051,-0.5768831478156423,-0.5414718402235622,0.6386225788530857,871.9413919413921,1506.1538461538462,831.6483516483516,815.5311355311355,743.0036630036632,-0.572327,0.031799,0.828247,5.87677,1.315918,1.6523740000000002
2021-10-14 14:55:28.515,1.355024374704022,1.0455587697897901,1.0150897560350851,0.5665593356092479,0.8181650457399269,0.895023219358168,0.1825929039407546,0.1682376079713753,0.8806807370851497,0.4538784107108794,0.1053161322678685,0.5706574909937485,0.5371356069567418,-0.11367830972124901,0.2825709730123643,0.7831585862395447,0.09979943994943452,-0.5768831478156423,-0.454966392245591,0.7650104453735541,780.4761904761905,857.4358974358976,807.4725274725274,752.2710622710623,790.952380952381,-0.577148,0.055664,0.826843,4.785156,-4.6804809999999994,0.88974
2021-10-14 14:55:29.509,1.383093829044961,1.0455587697897901,0.7015739392269442,1.375808662346701,0.5817944904442226,0.895023219358168,0.1337614886303504,0.644671076973694,1.068323195845502,0.4538784107108794,0.48991988940868103,0.9163168248695998,0.5761935346229701,-0.11367830972124901,0.1024036264372744,0.862309534469722,0.3486626514023343,-0.5768831478156423,-0.2562933127745591,0.9076206473197974,797.8021978021977,844.5421245421246,815.934065934066,774.0293040293042,686.1904761904763,-0.580505,0.061707000000000005,0.8217770000000001,4.478607,-6.003876,0.643005
2021-10-14 14:55:30.510,0.9117825178332406,1.0455587697897901,1.13099779544284,1.063417853953383,0.4634881719600333,0.895023219358168,0.4897091259721501,0.4183571068218476,1.0304451285387919,0.4538784107108794,0.8026649139348866,0.8239300663350358,0.6407863420566928,-0.11367830972124901,-0.057388707588197065,0.8598246515649715,0.3947161670389805,-0.5768831478156423,-0.2792610419368626,0.7875075104517859,755.0915750915751,821.5750915750915,804.6520146520148,781.6849816849817,686.9963369963369,-0.562012,0.06897,0.8339840000000001,4.26178,-5.099182,1.1514280000000001
2021-10-14 14:55:31.513,0.5434369687703401,1.687940091909098,1.245378523775573,1.235636664525288,0.4517261609223374,1.4031534509485288,0.4111708390562553,0.7134251195157901,0.7162461432106121,1.2848674881485058,0.6262053936080685,0.8308084604439941,0.5583019830904434,0.6272105108652624,-0.00612871135943882,0.7208571696847181,0.28153336784890903,-0.0996846493132552,-0.4194211455747012,0.5656599407276199,794.1758241758242,817.948717948718,802.2344322344322,803.4432234432236,795.3846153846154,-0.562012,0.073059,0.830627,3.9328,-5.2412410000000005,1.40564
2021-10-14 14:55:32.510,0.5990830414680783,1.6161132716764741,1.2635573540551532,1.235232263163372,0.2691593816621576,1.1265609438588522,0.5199711432226716,0.8445719594982041,0.2636534894887367,0.4297752715971917,0.2785180239448338,0.8013754842221167,0.5210572157015511,0.2474950537649073,-0.04927373345887141,0.6496939952650714,0.050480378877324934,-0.266254644483701,-0.4328225645509193,0.4597714191599055,767.1794871794873,799.4139194139194,810.2930402930403,769.5970695970697,792.1611721611722,-0.603455,0.075012,0.803711,3.8206480000000003,-4.687958,1.4953610000000002
2021-10-14 14:55:33.510,1.301209504741194,1.6161132716764741,1.173186654158477,1.264738303640103,0.6847859468173287,1.1265609438588522,0.305560163873612,0.961890450394724,0.7022127585615737,0.4297752715971917,0.3253212724371976,0.8584441667609762,0.6005730965329709,0.2474950537649073,0.0793555144996616,0.5982834037656455,0.2011933247805545,-0.266254644483701,-0.3970008446908972,0.5817274342202362,843.7362637362637,786.9230769230769,772.0146520146519,799.4139194139194,700.6959706959708,-0.554504,0.052673000000000005,0.848389,3.753357,-7.551575,0.635529
2021-10-14 14:55:34.510,1.3446866815612977,1.6161132716764741,0.7521623434070995,1.264738303640103,0.7217891916889786,1.1265609438588522,0.22068896667315,0.961890450394724,0.6504923348451179,0.4297752715971917,0.1663405683824628,0.8584441667609762,0.619980010223772,0.2474950537649073,0.0699524315973367,0.5982834037656455,0.2217947984246074,-0.266254644483701,-0.4520607597050181,0.5817274342202362,742.1978021978023,766.7765567765567,799.8168498168499,795.3846153846154,722.0512820512822,-0.529175,0.061646000000000006,0.856201,6.071167,-5.891724,4.553375
2021-10-14 14:55:35.510,0.7689293685443543,1.6161132716764741,-0.008602071881117408,0.8484649049009919,0.0661510665462125,1.1265609438588522,0.02246706677440743,0.2723012150674779,0.4139312127709849,0.4297752715971917,-0.1116750501651453,0.8467533350815949,0.4414646967951697,0.2474950537649073,-0.01244848317543837,0.806221727045915,0.09323952325487683,-0.266254644483701,-0.4444011687230812,0.5980861541293929,738.974358974359,121.2820512820513,834.4688644688645,761.9413919413921,804.2490842490844,-0.36181599999999997,0.056763,0.9425049999999999,0.822449,-13.929291000000001,-2.7963259999999996
2021-10-14 14:55:36.514,1.360686300563294,1.6161132716764741,-0.008602071881117408,1.474160358212147,1.0965561472817942,1.1265609438588522,0.02246706677440743,1.1771741769632351,0.5490153263028746,0.4297752715971917,-0.1116750501651453,0.6367881980991866,0.3497049308860381,0.2474950537649073,-0.01244848317543837,0.7224460938287859,0.2444082437717595,-0.266254644483701,-0.4444011687230812,0.47446098522462204,782.4908424908424,827.2161172161173,795.7875457875458,817.1428571428571,761.5384615384614,-0.288696,0.083923,0.962341,5.757141000000001,-20.344391,1.368256
2021-10-14 14:55:37.520,0.9985968731573392,1.6161132716764741,1.070002757231825,1.387856053882641,0.7331540549591457,1.1265609438588522,0.2395963186804759,0.980985516019782,0.6988959359244785,0.4297752715971917,0.1513575076648886,0.8453244241957782,0.4228599250183137,0.2474950537649073,0.04269802623383481,0.8406058813567856,0.3311517021553027,-0.266254644483701,-0.3119513015692534,0.6017374564492339,805.8608058608058,439.5970695970696,774.4322344322345,820.7692307692308,753.0769230769231,-0.16284200000000001,0.145325,0.985535,17.682648,13.376007000000001,-16.830292
2021-10-14 14:55:38.514,0.9669714342250612,1.6161132716764741,1.2712556325053,1.452610156762262,0.3312104612141051,1.1265609438588522,0.7209317496916646,0.9687091233618556,0.6240734417114822,0.4297752715971917,0.6902230537704742,0.7938291558557798,0.5375096060156289,0.2474950537649073,0.1208069140637238,1.012997698807361,0.3260744032632691,-0.266254644483701,-0.2403421166859279,0.7350911279137717,757.5091575091576,730.1098901098901,817.1428571428571,796.5934065934067,728.4981684981685,-0.293396,0.130798,0.96698,4.807587,-6.5347290000000005,-0.7102970000000001
2021-10-14 14:55:39.512,0.1303668795755095,1.6161132716764741,0.5584022228766112,0.770285181958477,0.5232875077267918,1.1265609438588522,0.4595006468762595,0.2877007472119433,0.4578668406544156,0.4297752715971917,0.2208927466803437,0.6837264376678011,1.024279666701653,0.2474950537649073,0.1075044135743962,0.6316083832249949,0.719832812574465,-0.266254644483701,-0.3836480217646299,0.6347173424727396,798.6080586080586,625.3479853479854,805.054945054945,764.7619047619047,687.8021978021977,-0.24706999999999998,0.135864,0.966675,4.358978,-7.177734,0.336456
2021-10-14 14:55:40.516,0.9045905825397902,1.6161132716764741,1.106821294642463,0.5800515922076693,0.7763404545608074,1.1265609438588522,0.8308151396775364,0.03112481355284182,0.5033736396380611,0.4297752715971917,0.6776758680710477,0.7521481968968907,0.7859965456547049,0.2474950537649073,0.1914209471076904,0.8029159910943567,0.5417950177774894,-0.266254644483701,0.09922717159883462,0.6614777035517969,804.2490842490844,601.978021978022,802.2344322344322,754.2857142857142,733.3333333333335,-0.127686,0.11944600000000001,0.9912110000000001,3.117828,-2.033691,4.897308
2021-10-14 14:55:41.513,1.216966501080456,1.6161132716764741,1.4880923701747233,1.165532790733155,0.9289645607772204,1.1265609438588522,1.130674656163269,0.948004829396324,0.7620655850193265,0.4297752715971917,1.014945346790561,1.0639691953084642,0.5914426897869635,0.2474950537649073,0.325466827397378,0.9087539606167196,0.3377035685302065,-0.266254644483701,0.1298240264455486,0.7535268318162628,747.0329670329671,770.8058608058608,817.5457875457877,815.934065934066,745.4212454212454,-0.140747,0.11065699999999999,1.002014,4.740295,-4.7253419999999995,2.422485
2021-10-14 14:55:42.514,1.419990444578385,1.6161132716764741,1.08677962252096,1.347431094763934,1.278811555699948,1.1265609438588522,0.6987487290526718,1.171072525044623,1.1884713097571107,0.4297752715971917,0.7246690264227444,1.103873345040074,0.4761832170446513,0.2474950537649073,0.2412255878569794,0.7536313294764199,0.2691690844570624,-0.266254644483701,-0.08638318344360525,0.8034283043490139,825.6043956043958,765.5677655677656,819.96336996337,765.5677655677656,586.6666666666666,-0.127563,0.117432,0.996094,3.289795,-6.116028,0.755157
2021-10-14 14:55:43.516,1.570895417326664,1.6161132716764741,0.5739552308168283,1.540533860919311,1.3750370564694971,1.1265609438588522,0.07409014393176723,1.353285536805966,1.180356101696832,0.4297752715971917,-0.001821597959082759,1.0200311529467572,0.4788115906888493,0.2474950537649073,0.1993693483076367,0.7641348746548029,0.3120163769280395,-0.266254644483701,-0.1577848690278508,0.8602826741510304,799.4139194139194,1625.4212454212452,832.0512820512822,800.6227106227108,627.7655677655678,-0.49420200000000003,0.048645,0.871948,-2.459869,11.132964999999999,-1.1514280000000001
2021-10-14 14:55:44.510,1.232248943871186,1.6161132716764741,0.5739552308168283,1.3938089166038048,0.7076185654301712,1.1265609438588522,0.07409014393176723,1.163433885085547,0.6557300678983656,0.4297752715971917,-0.001821597959082759,0.9740954159040794,0.5202430681230054,0.2474950537649073,0.1993693483076367,0.7682975304328435,0.2931071304190421,-0.266254644483701,-0.1577848690278508,0.8060273706610976,746.2271062271063,888.0586080586081,815.934065934066,850.5860805860806,718.4249084249085,-0.593201,0.037781,0.8222659999999999,5.099182,-5.600128,1.8766779999999998
2021-10-14 14:55:45.514,0.5394910715304335,1.6161132716764741,0.7520162298343313,1.875170311922275,0.2996352627883018,1.1265609438588522,0.1870496774917928,0.8623136950431419,0.6815154626249721,0.4297752715971917,0.3921163222705963,0.7014833259409291,0.4902369259522065,0.2474950537649073,0.09997205995505452,0.4311888264850995,0.1751422120599731,-0.266254644483701,-0.3748561895032107,0.1407073650680027,799.4139194139194,894.1025641025641,813.5164835164835,792.1611721611722,579.0109890109892,-0.591492,0.042419,0.8158569999999999,4.015045,-5.532837000000001,0.9420780000000001
2021-10-14 14:55:46.513,0.6225694822777192,1.6161132716764741,0.5360774190571899,0.525457431592616,0.4417773491603867,1.1265609438588522,0.2504550428394779,0.2703476204709851,0.6942737138455123,0.4297752715971917,0.3398046547833236,0.605637524284688,0.4128188004654336,0.2474950537649073,0.1011297915027347,0.4755672924735514,0.18425703777069896,-0.266254644483701,-0.3266931571360115,0.1032471876113755,790.5494505494507,846.959706959707,799.4139194139194,781.6849816849817,603.1868131868133,-0.588989,0.05011,0.8179930000000001,4.456176999999999,-5.428162,1.517792
2021-10-14 14:55:47.510,1.1225038165249699,1.6161132716764741,1.029573896093131,0.980958101998292,0.7117480569574427,1.1265609438588522,0.6961893329059806,0.7827978333109433,0.5005729042532071,0.4297752715971917,0.4621893189927608,0.6524039708932655,0.2668531221686925,0.2474950537649073,0.027727095511967233,0.5234289655016118,-0.04441674531572968,-0.266254644483701,-0.382057657333861,0.1071695829047666,784.1025641025641,888.0586080586081,786.5201465201467,828.021978021978,723.2600732600732,-0.5821529999999999,0.057067999999999994,0.823364,3.74588,-5.166473000000001,2.564545
2021-10-14 14:55:48.522,1.1225038165249699,1.6161132716764741,1.029573896093131,0.980958101998292,0.7117480569574427,1.1265609438588522,0.6961893329059806,0.7827978333109433,0.5005729042532071,0.4297752715971917,0.4621893189927608,0.6524039708932655,0.2668531221686925,0.2474950537649073,0.027727095511967233,0.5234289655016118,-0.04441674531572968,-0.266254644483701,-0.382057657333861,0.1071695829047666,805.8608058608058,896.9230769230769,805.8608058608058,793.7728937728937,670.4761904761905,-0.590271,0.06427000000000001,0.817871,4.463654,-5.226287999999999,0.844879
2021-10-14 14:55:49.510,1.128552778472994,1.6161132716764741,1.2439776129724178,1.268091544730132,0.6542357295212444,1.1265609438588522,0.6050930711253102,0.6947866973877092,0.6665122400718255,0.4297752715971917,-0.04228604378015726,0.7355187995609281,0.5395026305037925,0.2474950537649073,-0.0056070517969599365,0.4775361495373429,0.1867807498672306,-0.266254644483701,-0.4010863129788467,0.4316863857549766,746.6300366300368,539.1208791208792,919.4871794871796,702.3076923076924,570.5494505494505,-0.596191,0.063843,0.81842,3.4916690000000004,-5.345917,0.41870100000000005
2021-10-14 14:55:50.510,0.9713042681266508,1.6161132716764741,1.274186282944004,1.123902856085267,0.3134043771503489,1.1265609438588522,0.6604162428323251,0.4605864398830338,0.463009080813699,0.4297752715971917,-0.050845499244579866,0.4737120719766756,0.5306401543796003,0.2474950537649073,-0.002412289510480228,0.5239475338820679,0.2010863916577208,-0.266254644483701,-0.4436543155631273,0.494294102682909,797.3992673992674,906.1904761904764,811.5018315018315,804.2490842490844,581.4285714285714,-0.593201,0.065857,0.815308,4.493561,-4.717865,1.106567
2021-10-14 14:55:51.510,1.3133174140335822,1.6161132716764741,1.176871636078728,1.304644182493065,0.6778908541497728,1.1265609438588522,0.6883193244267336,0.7674133443454351,0.7296990050435005,0.4297752715971917,0.2438776024536124,0.3150526722006791,0.4853747529423825,0.2474950537649073,-0.02618823981410705,0.5398660641469444,0.2506292396634329,-0.266254644483701,-0.45420035098809297,0.45850972550043106,758.7179487179487,920.2930402930403,795.7875457875458,819.5604395604396,727.6923076923077,-0.594604,0.080261,0.80957,4.830017,-5.360869999999999,1.136475
2021-10-14 14:55:52.517,1.3133174140335822,1.6161132716764741,1.176871636078728,1.304644182493065,0.6778908541497728,1.1265609438588522,0.6883193244267336,0.7674133443454351,0.7296990050435005,0.4297752715971917,0.2438776024536124,0.3150526722006791,0.4853747529423825,0.2474950537649073,-0.02618823981410705,0.5398660641469444,0.2506292396634329,-0.266254644483701,-0.45420035098809297,0.45850972550043106,808.2783882783882,842.9304029304028,800.2197802197803,774.0293040293042,687.8021978021977,-0.594971,0.099365,0.8024899999999999,4.373932,-6.2431339999999995,0.9420780000000001
2021-10-14 14:55:53.510,1.3133174140335822,1.6161132716764741,1.176871636078728,1.304644182493065,0.6778908541497728,1.1265609438588522,0.6883193244267336,0.7674133443454351,0.7296990050435005,0.4297752715971917,0.2438776024536124,0.3150526722006791,0.4853747529423825,0.2474950537649073,-0.02618823981410705,0.5398660641469444,0.2506292396634329,-0.266254644483701,-0.45420035098809297,0.45850972550043106,861.4652014652015,948.901098901099,781.6849816849817,834.8717948717949,593.919413919414,-0.599548,0.104004,0.814331,2.198181,-2.115936,-0.007476999999999999
2021-10-14 14:55:54.510,1.3133174140335822,1.6161132716764741,1.176871636078728,1.304644182493065,0.6778908541497728,1.1265609438588522,0.6883193244267336,0.7674133443454351,0.7296990050435005,0.4297752715971917,0.2438776024536124,0.3150526722006791,0.4853747529423825,0.2474950537649073,-0.02618823981410705,0.5398660641469444,0.2506292396634329,-0.266254644483701,-0.45420035098809297,0.45850972550043106,826.8131868131868,894.1025641025641,740.1831501831501,844.5421245421246,957.7655677655678,-0.575317,0.134949,0.825684,5.562744,-9.293671,3.18512
2021-10-14 14:55:55.515,1.3133174140335822,1.6161132716764741,1.176871636078728,1.304644182493065,0.6778908541497728,1.1265609438588522,0.6883193244267336,0.7674133443454351,0.7296990050435005,0.4297752715971917,0.2438776024536124,0.3150526722006791,0.4853747529423825,0.2474950537649073,-0.02618823981410705,0.5398660641469444,0.2506292396634329,-0.266254644483701,-0.45420035098809297,0.45850972550043106,804.6520146520148,531.8681318681319,796.1904761904763,779.6703296703297,782.8937728937731,-0.515991,0.176514,0.866821,5.450591999999999,-14.400329999999999,8.202057
2021-10-14 14:55:56.510,1.3133174140335822,1.6161132716764741,1.176871636078728,1.525965837115626,0.6778908541497728,1.1265609438588522,0.6883193244267336,1.199909044366039,0.7296990050435005,0.4297752715971917,0.2438776024536124,0.9075172244552191,0.4853747529423825,0.2474950537649073,-0.02618823981410705,0.5811016167916991,0.2506292396634329,-0.266254644483701,-0.45420035098809297,0.2944119638924415,828.021978021978,546.7765567765567,838.4981684981685,797.8021978021977,687.8021978021977,-0.388489,0.16687000000000002,0.9227290000000001,4.201965,-15.133057,4.590758999999999
2021-10-14 14:55:57.510,1.143973772527303,1.6161132716764741,1.6837439577816617,1.525965837115626,0.4726992330367935,1.1265609438588522,0.5339109299805033,1.199909044366039,0.4571176166668696,0.4297752715971917,0.1387048167565957,0.9075172244552191,0.6438205941509545,0.2474950537649073,0.023468168329939518,0.5811016167916991,0.4059531983821801,-0.266254644483701,-0.3432538780205083,0.2944119638924415,736.1538461538463,0.0,763.5531135531136,803.4432234432236,743.809523809524,0.026123,0.197266,0.98877,1.9215389999999999,-15.536804,6.355286
2021-10-14 14:55:58.512,1.2153659004765878,1.6161132716764741,1.3587383361166492,1.5869694298468908,1.149972037549829,1.1265609438588522,0.7255093914409607,0.8311517474329886,0.9644474643801498,0.4297752715971917,0.7148389078297308,0.8685623111391637,0.7998132424463655,0.2474950537649073,0.2395051844126303,0.6029573397965079,0.2926459113807091,-0.266254644483701,-0.3712581769184812,0.2931993516489121,748.2417582417582,1295.018315018315,807.0695970695972,804.2490842490844,747.4358974358976,0.023926,0.19049100000000002,0.997192,4.7702029999999995,-1.77948,2.175751
2021-10-14 14:55:59.509,1.037223986622304,1.6161132716764741,1.577490765474753,0.8647633340679305,1.12399126919369,1.1265609438588522,0.8752171646040522,0.5071297980979484,1.021229715228688,0.4297752715971917,1.070394819440818,0.7747401381652127,0.6938273945169949,0.2474950537649073,0.2662589098778942,0.5278961197761675,0.1969088005940573,-0.266254644483701,-0.4061641292040444,0.1581585123874754,794.1758241758242,1625.0183150183152,787.7289377289377,755.8974358974359,730.9157509157509,-0.034302,0.17791700000000002,0.99469,4.830017,-3.6262510000000003,2.041168
2021-10-14 14:56:00.521,1.081207734887969,1.6161132716764741,1.6255066622555148,1.1734337942734958,0.6469601588699584,1.1265609438588522,0.949128613384114,0.5057702822721872,0.8664417327020256,0.4297752715971917,1.077972584987922,0.8031219088346134,0.6134023453929108,0.2474950537649073,0.104805025439527,0.4579878677990252,0.2658745439549386,-0.266254644483701,-0.4136898704343053,0.2504019817677726,788.5347985347986,813.5164835164835,810.6959706959708,803.040293040293,660.8058608058608,-0.07775900000000001,0.180054,0.9951780000000001,3.7159730000000004,-4.28421,-1.9215389999999999
2021-10-14 14:56:01.509,1.9027957321597608,1.6161132716764741,1.1735922093586348,1.530559523287907,0.9797987036335816,1.1265609438588522,0.7035257787946507,0.7860590101350958,0.9082505936234342,0.4297752715971917,0.7098520234538988,0.6897988034065441,0.564744855417883,0.2474950537649073,-0.0722926365366497,0.4872466345917667,0.3720838484776064,-0.266254644483701,-0.5283900289179586,0.3895334827372117,765.5677655677656,732.1245421245421,793.7728937728937,892.4908424908424,782.4908424908424,-0.11633299999999999,0.14941400000000002,0.9884639999999999,4.344025,-2.586975,5.420685
2021-10-14 14:56:02.510,1.7888638756694608,1.6161132716764741,0.7214042752953111,1.530559523287907,0.9681151840581118,1.1265609438588522,0.2236566382697422,0.7860590101350958,0.7179812228524641,0.4297752715971917,0.030494331125887817,0.6897988034065441,0.4082817446405315,0.2474950537649073,-0.2394124487130633,0.4872466345917667,0.3355214081180302,-0.266254644483701,-0.4329390726912721,0.3895334827372117,748.2417582417582,805.054945054945,805.4578754578755,811.5018315018315,794.981684981685,-0.160278,0.155029,0.986877,4.194489,-6.003876,1.831818
2021-10-14 14:56:03.510,1.233999242072775,1.6161132716764741,1.003151149424088,0.3856660523941534,0.9868825758597988,1.1265609438588522,0.6966771953292581,0.1327308245612231,1.010881867562152,0.4297752715971917,0.8000248251786776,0.2125709877118468,0.3077877164583611,0.2474950537649073,0.07790723833876445,0.5183393501026113,-0.08510358190505662,-0.266254644483701,-0.4628293246409697,0.152706673743337,778.4615384615386,1010.952380952381,830.4395604395604,782.4908424908424,834.0659340659341,-0.145447,0.151489,0.9820559999999999,4.052429,-5.345917,0.53833
2021-10-14 14:56:04.510,1.254781593692789,1.6161132716764741,1.1152816837766708,0.885583618628086,0.4768208882124079,1.1265609438588522,0.8828278682754451,0.6524825265607795,0.6282376909891024,0.4297752715971917,0.8411624255718051,0.851111296380009,0.4064056353486326,0.2474950537649073,0.1204483059418224,0.5445557996130685,-0.05358869022487669,-0.266254644483701,-0.5426960806672775,0.2981630272875915,744.2124542124542,889.2673992673992,799.0109890109891,806.6666666666667,760.3296703296703,-0.132385,0.161987,0.9921260000000001,4.26178,-6.74408,-0.037384
2021-10-14 14:56:05.510,1.397762546768757,1.6161132716764741,1.004708025741438,1.180482434379376,0.6053575465764109,1.1265609438588522,0.5868655719470156,0.5759847581940787,0.4896418193302837,0.4297752715971917,0.517270001024132,0.7347522289589905,0.3094622069355518,0.2474950537649073,0.1010435720391689,0.5213622218891834,-0.1219730207386221,-0.266254644483701,-0.4824176535482623,0.1863568251752978,757.9120879120878,849.3772893772895,811.5018315018315,819.96336996337,782.4908424908424,-0.120728,0.165466,0.9893799999999999,3.506622,-6.347809,-0.089722
2021-10-14 14:56:06.510,0.98952008608687,1.6161132716764741,1.010288754032255,0.9523707123854313,0.8250519302065633,1.1265609438588522,0.4380708075783367,0.7056602397957542,0.8094985581865021,0.4297752715971917,0.4933519717888762,0.9627490224670858,0.2824782590539138,0.2474950537649073,-0.1038726237714393,0.4057252762460484,-0.1304967406240989,-0.266254644483701,-0.4011481091811891,0.1659669148387448,830.8424908424909,835.2747252747251,788.5347985347986,793.7728937728937,632.1978021978023,-0.120117,0.16534400000000002,0.9912719999999999,4.5159910000000005,-6.130980999999999,0.762634
2021-10-14 14:56:07.517,1.071910053035654,1.6161132716764741,1.1264956925479521,1.095685637021452,1.026815834685622,1.1265609438588522,0.4110231821379612,0.936567524058602,0.9036781157007632,0.4297752715971917,0.4582401348869314,0.9627490224670858,0.3010494105406306,0.2474950537649073,-0.1034006447282552,0.42798143598999394,-0.01344295660767964,-0.266254644483701,-0.6066536357695963,0.1768533314038618,784.1025641025641,830.0366300366301,805.4578754578755,794.981684981685,633.4065934065934,-0.123108,0.162354,0.9846799999999999,4.605713,-4.0898129999999995,0.411224
2021-10-14 14:56:08.510,0.980625865197176,1.6161132716764741,0.7762924547901126,0.9617220418486784,0.7802916838984842,1.1265609438588522,-0.04005283302201616,0.6636252212319299,0.7577741058387663,0.4297752715971917,0.1761176141565071,0.8634906670761919,0.5646220436049317,0.2474950537649073,0.01542572050874808,0.7315585421079319,-0.1293348065638211,-0.266254644483701,-0.5037703140501262,0.458323623396091,761.1355311355313,786.1172161172162,801.8315018315019,818.7545787545787,759.9267399267401,-0.121399,0.157227,0.9961549999999999,3.55896,-5.973969,-0.239258
2021-10-14 14:56:09.512,0.6498297532485511,1.6161132716764741,1.1496028621629428,1.069850362934601,0.6350242559876857,1.1265609438588522,0.5457381640393186,0.5722308791459596,0.6870529617010632,0.4297752715971917,0.5112369056817405,0.8699723870248031,0.4432038958768287,0.2474950537649073,0.001532445677352081,0.5972070731685136,-0.03068211992798594,-0.266254644483701,-0.5284128635911621,0.4126994343394238,816.3369963369963,854.2124542124542,812.7106227106227,778.4615384615386,699.0842490842491,-0.12353499999999999,0.154907,0.992432,4.194489,-4.837494,-0.082245
2021-10-14 14:56:10.516,1.27941638367901,1.6161132716764741,0.5916169017210245,1.018067318962847,1.0073477390983259,1.1265609438588522,0.2552215436479756,0.8430255116152261,0.8584961818157117,0.4297752715971917,-0.01059621105797645,0.8126208301930598,0.42658241919158296,0.2474950537649073,0.001007340209774767,0.5025771539649807,0.02683211789593086,-0.266254644483701,-0.4809577317975502,0.4570122800031562,827.6190476190477,852.1978021978023,799.0109890109891,777.6556776556778,642.2710622710622,-0.11480699999999999,0.15576199999999998,0.995117,3.8056949999999996,-6.437531,0.276642
2021-10-14 14:56:11.510,1.326225696469744,1.6161132716764741,1.698682623963685,1.334485076624122,1.06048476667986,1.1265609438588522,1.1852623226221002,0.9980829105926065,0.9416085176743074,0.4297752715971917,0.8947516873227587,1.112784478618381,0.4322220759678939,0.2474950537649073,0.0520262417581807,0.5130698348203849,0.1384753235411183,-0.266254644483701,-0.1942286047293439,0.4740679145060185,767.1794871794873,855.0183150183151,795.7875457875458,791.7582417582418,713.5897435897436,-0.12023900000000001,0.157104,0.99231,3.4916690000000004,-4.61319,0.112152
2021-10-14 14:56:12.510,0.8265479872584597,1.6161132716764741,1.500756422581571,1.6044959507204568,1.005756151553154,1.1265609438588522,1.002049743869846,1.157787291724952,1.2277874043021761,0.4297752715971917,0.900293839076129,1.427973923724998,0.5787338706084193,0.2474950537649073,0.03280135006865288,0.7412208875299524,0.2887244487815751,-0.266254644483701,-0.3142161214182324,0.3274828504263946,773.2234432234433,826.8131868131868,805.054945054945,777.2527472527472,779.2673992673992,-0.126404,0.164734,0.986023,4.26178,-5.8992,1.0916139999999999
2021-10-14 14:56:13.510,0.9259907514628978,1.6161132716764741,0.5657528919448096,0.8859606830774951,1.007213527128588,1.1265609438588522,0.4335150941674454,0.971684716375256,1.212326043633104,0.4297752715971917,0.4288351598198307,1.378841939523695,0.6436118952797695,0.2474950537649073,0.1207943921629793,0.7291756512237749,0.18481598133246302,-0.266254644483701,-0.3749308147783945,0.367406726492981,809.0842490842491,824.7985347985347,804.2490842490844,777.2527472527472,705.5311355311355,-0.120728,0.15704300000000002,0.9921260000000001,4.306641,-4.8823550000000004,0.037384
2021-10-14 14:56:14.511,0.7992284734604991,1.405177388618974,0.3420893134711235,1.020142043064157,0.683440487065782,1.231801440010555,-0.005569983526933936,0.3616106791801177,0.6598482773274186,0.6758216399363127,0.4391770467676367,0.7629636697457746,0.4579248087537504,0.5272529463095524,0.1205817420326039,0.5072868224103764,0.008402841393554353,1.138208576565507,-0.3174943602035106,0.2029661435835857,738.5714285714287,814.7252747252749,809.0842490842491,785.3113553113553,1087.912087912088,-0.127808,0.160889,0.9898680000000001,3.5365300000000004,-5.600128,-0.119629
2021-10-14 14:56:15.509,1.061809013997569,1.492948734097284,0.1550078810088156,1.499777878140518,0.4892179682637865,1.208552624043434,0.1659825043304489,0.4625674968625134,0.2713304969747452,0.7595814244831103,0.3703894096277386,0.4996031214093807,0.4483884463207058,0.5210223748256309,-0.07815332474668699,0.5194952364620846,-0.01547585898537189,1.105162644612085,-0.3301061902461067,0.07240045318233902,747.4358974358976,869.1208791208792,824.3956043956044,752.6739926739926,729.7069597069597,-0.11486800000000001,0.164673,0.9888309999999999,4.11972,-5.802002,-0.8374020000000001
2021-10-14 14:56:16.510,1.4027670613787109,1.533518774034299,0.8498520368412624,1.7894052395757358,0.5532020151332613,1.108020049162024,0.3491717126340783,0.8011002216895735,0.1983411541046484,0.7217683914673672,0.5215882891326606,0.431711282042,0.4296571938592426,0.5395891770482212,-0.2276058240649354,0.4676284473920944,0.1075528884379995,1.0713623072872809,-0.4140429182358646,0.004695856474814763,757.1062271062273,854.2124542124542,805.054945054945,817.1428571428571,998.8644688644687,-0.116577,0.16528299999999999,0.9893799999999999,4.463654,-4.538422,0.844879
2021-10-14 14:56:17.510,1.309345032475467,1.533518774034299,1.215327378308657,1.129386032452481,0.590736775945727,1.108020049162024,0.5464747032497702,0.2961513118248675,0.6276920972576855,0.7217683914673672,0.7842555779844479,0.5869675975343533,0.3002202965910177,0.5395891770482212,0.1729252348757123,0.6693808688525037,0.2151246217221886,1.0713623072872809,-0.4205837814998291,0.4590184818856649,837.6923076923077,783.2967032967032,821.5750915750915,787.7289377289377,676.5201465201467,-0.16864,0.160339,0.987183,3.55896,-0.9944149999999999,0.336456
2021-10-14 14:56:18.519,1.2684482539811421,1.533518774034299,1.1449404891935748,1.2388321617769609,0.613838161084325,1.108020049162024,0.559015997033565,0.3547027711374571,0.5065632529447496,0.7217683914673672,0.7314771342467528,0.4697806161176268,0.3499419456369064,0.5395891770482212,0.34034159942732,0.697943188666372,0.2263702548428848,1.0713623072872809,-0.4148285627972849,0.4304745382389368,761.9413919413921,1025.0549450549452,838.901098901099,834.4688644688645,789.7435897435898,-0.649841,0.068909,0.77356,4.231873,-0.680389,1.375732
2021-10-14 14:56:19.511,1.5862441283149251,1.533518774034299,1.46558805162697,1.6690003495345929,0.6487377208211843,1.108020049162024,0.6861376307724293,0.9737563991751128,0.4699943060621726,0.7217683914673672,0.4894105211687456,0.5878025093124909,0.5838314635521502,0.5395891770482212,-0.08875644058879907,0.4698381140118583,0.06391909850844495,1.0713623072872809,-0.3849750517414405,0.3246248432164444,750.6593406593408,552.014652014652,802.2344322344322,768.7912087912088,616.080586080586,-0.332336,0.157288,0.929932,4.7253419999999995,-9.667511,0.9420780000000001
2021-10-14 14:56:20.510,1.305963442892483,1.533518774034299,1.3082028256134322,1.266226166075871,0.664727878993454,1.108020049162024,0.4581400042842825,0.7985213182286595,0.6871589905022797,0.7217683914673672,0.52287138814094,0.8092675340046523,0.5130660771184494,0.5395891770482212,-0.04388311094505321,0.4555221871746362,0.1080056938770012,1.0713623072872809,-0.4631992607141883,0.3039124230015999,786.9230769230769,711.1721611721613,803.8461538461539,791.3553113553114,620.5128205128206,-0.299744,0.176147,0.9438479999999999,4.3365480000000005,-6.833800999999999,0.426178
2021-10-14 14:56:21.510,0.5931768782415444,1.533518774034299,1.0206492051376461,0.7139285371685379,0.54237003985005,1.108020049162024,0.4533677829263276,0.5860923477673654,0.7829086779532096,0.7217683914673672,0.7311166483208925,0.97856042789413,0.561622694472422,0.5395891770482212,0.1981466982002071,0.5776284399965106,-0.005826504020010004,1.0713623072872809,-0.4522473472714326,0.2788627008894712,784.1025641025641,686.9963369963369,796.5934065934067,810.2930402930403,697.0695970695972,-0.294556,0.176208,0.9526979999999999,4.067383,-5.861816,1.069183
2021-10-14 14:56:22.512,0.7299748014167385,1.533518774034299,0.9005440752188911,0.4082266386657173,0.3903417200864115,1.108020049162024,0.414128007507771,0.4854383814249894,0.6229529273613863,0.7217683914673672,0.6941500483741448,0.9380512662921732,0.4190680554253745,0.5395891770482212,0.1349436131562601,0.5624264202729387,-0.04292242708081465,1.0713623072872809,-0.4186269202299938,0.2632199457155976,747.4358974358976,753.8827838827838,796.9963369963369,799.4139194139194,862.6739926739926,-0.30938699999999997,0.177429,0.947449,3.8056949999999996,-4.6804809999999994,-0.859833
2021-10-14 14:56:23.515,0.7296880789131462,1.4010831327574382,0.5770513513294846,0.1813471322786598,0.234286853850272,0.7046273805681591,0.2386408358956962,0.099028928387735,0.4182337654000938,0.923513188067604,0.3341870014942621,0.5438335118503267,0.2852209035106715,0.5838241558122147,0.1096125221899333,0.4564342385890539,-0.07414841278836913,0.146731684712179,-0.5675768897197541,0.1831330468927354,825.6043956043958,765.9706959706958,810.2930402930403,770.8058608058608,966.2271062271063,-0.307312,0.171631,0.9522709999999999,4.396362,-6.2431339999999995,0.9196469999999999
2021-10-14 14:56:24.510,1.048146322066302,1.382921204291957,0.9505038216173836,1.067554690960606,0.6475264248379111,0.7190777500669776,0.7500772486576089,0.4099433174248979,1.130676369829823,1.062353802183585,0.9508897113998604,0.749827672013956,0.4824404672454769,0.6638381283908047,0.1328259244898183,0.4150156953780829,0.1015946080231233,0.05963846382493247,-0.6085038685577704,0.1926297866251713,795.7875457875458,635.8241758241759,786.9230769230769,765.9706959706958,724.8717948717949,-0.198364,0.16095,0.9782709999999999,1.203766,-10.789032,-1.899109
