TimeStamp,Delta_TP9,Delta_AF7,Delta_AF8,Delta_TP10,Theta_TP9,Theta_AF7,Theta_AF8,Theta_TP10,Alpha_TP9,Alpha_AF7,Alpha_AF8,Alpha_TP10,Beta_TP9,Beta_AF7,Beta_AF8,Beta_TP10,Gamma_TP9,Gamma_AF7,Gamma_AF8,Gamma_TP10,RAW_TP9,RAW_AF7,RAW_AF8,RAW_TP10,AUX_RIGHT,Accelerometer_X,Accelerometer_Y,Accelerometer_Z,Gyro_X,Gyro_Y,Gyro_Z
2021-10-14 15:45:18.513,1.049995907542157,0.9900223000724292,0.8596992839029617,1.1991278779203551,0.6938067950494714,0.6437452860981876,0.5649357191916149,0.56378479522788,0.6834803033041789,0.9619331458556384,0.5774357558640643,0.9925539836057521,1.094990948831164,1.45906582521748,1.370231759543982,1.340812802753582,1.1045368471937977,1.3282991404651752,1.100322693044513,1.299525102805225,711.1721611721613,597.948717948718,718.021978021978,810.2930402930403,675.7142857142858,-0.013489,-0.01593,1.014465,4.164581,-9.338531,2.280426
2021-10-14 15:45:19.517,1.049995907542157,0.9900223000724292,0.8596992839029617,1.509867084411002,0.6938067950494714,0.6437452860981876,0.5649357191916149,0.5119286450524543,0.6834803033041789,0.9619331458556384,0.5774357558640643,0.8218196740952354,1.094990948831164,1.45906582521748,1.370231759543982,1.318443873776581,1.1045368471937977,1.3282991404651752,1.100322693044513,1.07463179529478,879.5970695970697,774.4322344322345,786.1172161172162,799.0109890109891,938.4249084249085,-0.024413999999999998,-0.014587000000000001,1.013184,3.8505550000000004,-1.0243229999999999,-2.257996
2021-10-14 15:45:20.513,1.049995907542157,0.9900223000724292,1.113157756001546,1.314475291529614,0.6938067950494714,0.6437452860981876,0.5259103054818776,0.4826332200409485,0.6834803033041789,0.9619331458556384,0.8638394702919625,0.7679796468857204,1.094990948831164,1.45906582521748,1.31698090614302,1.155574296571321,1.1045368471937977,1.3282991404651752,1.316499196534668,1.063924501113905,798.6080586080586,848.5714285714287,823.1868131868132,776.4468864468864,999.2673992673992,-0.137695,0.013672,0.999207,3.9402769999999996,-4.42627,0.157013
2021-10-14 15:45:21.513,1.5593202596328568,0.9900223000724292,1.113157756001546,1.258648120310428,0.7571177888338333,0.6437452860981876,0.5259103054818776,0.5678363944040367,1.021314493224068,0.9619331458556384,0.8638394702919625,0.8597505883542016,1.035843795401881,1.45906582521748,1.31698090614302,1.155092019026698,1.1679689599956828,1.3282991404651752,1.316499196534668,1.0645648797977578,684.1758241758242,782.4908424908424,810.6959706959708,792.1611721611722,701.098901098901,-0.153564,0.013244999999999998,1.002625,2.684174,-6.74408,-0.6130979999999999
2021-10-14 15:45:22.518,1.5593202596328568,0.9900223000724292,1.1764346337040401,1.303841146790208,0.7571177888338333,0.6437452860981876,0.5809435601161788,0.5914570481448519,1.021314493224068,0.9619331458556384,0.8329732678302899,0.7884458468856947,1.035843795401881,1.45906582521748,1.346844120850974,1.16850953746366,1.1679689599956828,1.3282991404651752,1.3718300921572342,1.085733227951594,881.2087912087912,817.5457875457877,879.5970695970697,768.7912087912088,840.5128205128206,-0.138,-0.010498,1.0,4.396362,-1.4280700000000002,-0.5906680000000001
2021-10-14 15:45:23.513,0.9483881304135968,0.9900223000724292,1.1764346337040401,1.207608946879948,0.5439998739382566,0.6437452860981876,0.5809435601161788,0.4769358142002981,0.7495551965759517,0.9619331458556384,0.8329732678302899,0.9969581117710012,0.8420471286804386,1.45906582521748,1.346844120850974,0.7390965993492241,0.6720217172064772,1.3282991404651752,1.3718300921572342,0.7431981051913648,830.8424908424909,781.2820512820513,838.0952380952382,796.1904761904763,1069.7802197802198,-0.137695,0.003235,1.003174,4.067383,-5.211334,0.9495540000000001
2021-10-14 15:45:24.513,1.235601101420438,0.9900223000724292,0.5999733714651416,1.4448081486362783,0.6664950319824389,0.6437452860981876,0.4405141153733085,0.8236519956319307,0.9058709202705154,0.9619331458556384,0.660779972182495,1.042845898420983,0.8084257070036012,1.45906582521748,1.44225510410817,0.9172359481621228,0.6856541723762695,1.3282991404651752,1.4512542210980193,0.9627234029032576,699.0842490842491,775.6410256410257,801.025641025641,781.6849816849817,686.5934065934066,-0.128235,0.004456,0.999756,4.276733,-7.132874,1.061707
2021-10-14 15:45:25.519,1.161888186409934,0.9900223000724292,1.0115810493062871,0.7081767886091069,0.6070322256011588,0.6437452860981876,0.3301358134347119,0.44919236904307996,0.9967469853324558,0.9619331458556384,0.7260680347961627,0.9472344770934136,0.9784882768403926,1.45906582521748,1.245931408202867,0.9292990023236058,0.5860246894635947,1.3282991404651752,1.2099093538357328,0.5659575192200793,902.5641025641023,761.1355311355313,810.2930402930403,789.3406593406594,867.1062271062273,-0.12109400000000001,0.008423,1.0042719999999998,4.269257,-5.8543400000000005,1.099091
2021-10-14 15:45:26.514,0.6634808788180555,0.9900223000724292,1.272721269322333,0.3519648317507359,0.4047566528928161,0.6437452860981876,0.6893793995414585,0.0575362801427115,0.8268507478837686,0.9619331458556384,0.9590747706974307,0.6214780771806184,0.7275519126518153,1.45906582521748,1.190439896964194,0.9190071844588292,0.2808996898463395,1.3282991404651752,1.0915962771266,0.3922698518810975,833.6630036630037,772.0146520146519,803.8461538461539,807.4725274725274,1195.0915750915751,-0.11065699999999999,0.0074459999999999995,1.009033,3.843079,-5.936584,1.3308719999999998
2021-10-14 15:45:27.514,1.208294644154126,0.9900223000724292,0.4646322068931877,0.2518122785102769,0.5187003871692606,0.6437452860981876,0.01761365954500045,0.4246140856661516,1.083887585858971,0.9619331458556384,0.756515242339378,0.6435616268133072,0.7676076445033333,1.45906582521748,1.068877711588325,0.8660710445593987,0.4218969262479431,1.3282991404651752,0.9380333365842422,0.3363451801736193,694.6520146520148,746.2271062271063,802.6373626373628,785.3113553113553,677.7289377289378,-0.1026,0.0074459999999999995,1.013123,4.044951999999999,-4.867401,1.368256
2021-10-14 15:45:28.518,0.8262224574398196,0.9900223000724292,-0.04788265050251486,0.2960789740524183,0.4142648890223351,0.6437452860981876,-0.3894772215619058,0.1712216589291502,1.0446268988666592,0.9619331458556384,0.6490852123230915,0.5397974146635404,0.7152624356252145,1.45906582521748,1.080630529080104,0.7675902670195147,0.3580772905268436,1.3282991404651752,0.8675671591376819,0.3005474516654973,744.2124542124542,755.0915750915751,787.7289377289377,796.1904761904763,670.0732600732601,-0.092163,0.005797999999999999,1.005615,3.798218,-4.777679,0.897217
2021-10-14 15:45:29.514,0.3617740044915312,0.9900223000724292,0.1617371273908873,-0.05864263001089087,0.3269069312721512,0.6437452860981876,0.1413176612090445,0.02041491532903189,1.007979361047893,0.9619331458556384,0.6877749052776775,0.5307199072263618,0.745759855516443,1.45906582521748,1.099230302733615,0.7654011566325107,0.4636670468553178,1.3282991404651752,0.7721264830770629,0.2924669337969624,785.7142857142858,799.8168498168499,787.3260073260074,784.5054945054945,850.5860805860806,-0.098999,0.004456,1.006226,4.172058,-6.549683,0.276642
2021-10-14 15:45:30.513,0.1740487927201814,0.9900223000724292,-0.0414428610671525,0.2245355119820684,0.2175271422316187,0.6437452860981876,0.1825356296248991,0.1194018065100427,1.057591064185566,0.9619331458556384,0.8626048435304865,0.8351179604489116,0.8848318913445081,1.45906582521748,1.2090464445105409,0.9382198501594188,0.5508092729924513,1.3282991404651752,0.7644810719626162,0.4230240782642086,685.3846153846154,802.6373626373628,809.0842490842491,799.4139194139194,676.5201465201467,-0.083069,0.008911,1.006592,4.104767,-4.830017,1.136475
2021-10-14 15:45:31.515,0.7545203161776309,0.9900223000724292,0.1975155953376911,0.8547445700712513,0.3516816512776911,0.6437452860981876,0.014830766649497718,0.4611772530720037,1.0010569104942109,0.9619331458556384,0.8024776035693708,0.960085087734534,0.8433089203323931,1.45906582521748,1.206128187939697,0.9436343758567604,0.6456629379574699,1.3282991404651752,0.9155271997198696,0.4478567865522468,904.5787545787546,809.8901098901099,818.7545787545787,801.4285714285713,845.3479853479854,-0.085754,0.004944,1.0010379999999999,3.828125,-5.50293,-0.067291
2021-10-14 15:45:32.513,0.8113978234704903,0.5233307240575483,1.065838460661503,1.246704170283501,0.5309383819416117,0.197740185411956,0.2466869991174149,0.7215844411515233,0.7841584914797723,0.926239927666166,0.707040911833204,0.9435090802063272,0.7461828342967622,1.5327431133120049,0.9201926012997828,0.7002095561966398,0.5365985515736734,1.2271670248431752,0.8393823429965449,0.3858877804984822,791.3553113553114,755.8974358974359,795.3846153846154,786.5201465201467,1111.282051282051,-0.093689,0.009216,1.009216,4.26178,-5.15152,0.8747860000000001
2021-10-14 15:45:33.513,1.005287920137137,0.530937271482981,0.8873028101938459,0.902879884092066,1.023986176545676,0.1575648390219114,0.1346813777314196,0.6636157881919802,1.1726194687347549,0.8016885045643241,0.6302952866724869,1.117420226953985,0.8686531217725761,1.5780633955782741,0.9130705919169664,0.7732353730219838,0.4863610448201093,1.216237675455146,0.976882054349738,0.5015342942808299,680.5494505494506,737.3626373626373,772.4175824175826,817.1428571428571,692.6373626373628,-0.09436,0.015625,1.0067139999999999,4.022522,-5.8094790000000005,1.031799
2021-10-14 15:45:34.514,0.7297254910161087,0.5341694144388189,1.2708061902635241,0.5540950801406511,0.5573215793273979,0.1507963164163907,0.6042869643360158,0.3636491194496592,1.193124359192473,0.7973861854439863,0.8111608934128335,1.083183054309361,1.024778503309583,1.612835472766901,1.168479437551537,1.0331002733681942,0.6312823313392875,1.2185013458869498,1.246657892852927,0.6938675905938125,761.5384615384614,799.4139194139194,813.5164835164835,777.2527472527472,724.4688644688645,-0.088379,0.019409,1.011292,4.1346739999999995,-5.50293,0.37384
2021-10-14 15:45:35.513,0.5570649503053585,0.5341694144388189,0.9099400427507328,0.3874117763949139,0.2353909999543948,0.1507963164163907,0.3453258449545947,0.2159211525830307,1.063785152531495,0.7973861854439863,0.7580202432585365,0.8771157183106078,0.9098198103029386,1.612835472766901,1.25892546498571,0.9555206619136488,0.6777487649338975,1.2185013458869498,1.3095152268542158,0.6034245825531976,780.0732600732601,730.1098901098901,790.5494505494507,794.5787545787546,1081.062271062271,-0.088745,0.019958,1.008545,3.798218,-5.3160099999999995,0.800018
2021-10-14 15:45:36.514,0.3975970679853256,0.5341694144388189,-0.07384099431075468,0.2817143196479006,0.1825397484516506,0.1507963164163907,-0.00897820459297033,0.1839564615305294,0.8173850458056577,0.7973861854439863,0.510941714617324,0.901321184981424,0.8880902063661241,1.612835472766901,1.317444244955157,0.8969539885374859,0.8079087504150283,1.2185013458869498,1.2453755522389818,0.7028750065669732,666.4468864468864,774.0293040293042,783.2967032967032,772.4175824175826,665.6410256410256,-0.08984400000000001,0.024597,1.010254,4.598236,-5.435638,-0.26168800000000003
2021-10-14 15:45:37.513,0.1651626521627511,0.5341694144388189,0.07606188232573527,0.2205138190967964,0.2232859792239714,0.1507963164163907,-0.129865136463662,0.1131956314201616,1.002844438554068,0.7973861854439863,0.7535390006936767,0.8248496405116742,0.7586227171235714,1.612835472766901,1.246905626021003,0.8854884795820309,0.6376812399792594,1.2185013458869498,1.215213241732469,0.6236734809818398,769.5970695970697,762.7472527472528,809.0842490842491,776.8498168498169,709.9633699633699,-0.096741,0.036316,1.004761,4.6804809999999994,-4.1346739999999995,1.570129
2021-10-14 15:45:38.514,0.6484663508875331,0.5341694144388189,0.2929640646473547,0.8228493002852163,0.3774763150224029,0.1507963164163907,-0.03212393654485469,0.4308698125225267,1.003879585835573,0.7973861854439863,0.7786037027572104,0.8931583221397542,0.8273854329563166,1.612835472766901,1.221066211709103,0.829376536700899,0.684819867436264,1.2185013458869498,1.132097972961412,0.6476508196110686,753.0769230769231,751.8681318681319,820.7692307692308,782.0879120879122,1148.754578754579,-0.10553,0.02002,0.9984129999999999,4.029999,-4.994507,-0.269165
2021-10-14 15:45:39.516,0.8580931842381768,0.5341694144388189,1.032694706343192,1.059736971401134,0.5958540479826613,0.1507963164163907,0.2971156066760622,0.6932664266154477,0.971533526678596,0.7973861854439863,0.6222596651728931,0.8623189734421138,0.9244005622025112,1.612835472766901,1.172958220114489,0.7455773044038381,0.7938320025092999,1.2185013458869498,1.098988390919281,0.7418056346769326,645.4945054945055,826.4102564102565,821.978021978022,743.0036630036632,670.0732600732601,-0.11151099999999999,0.030762,0.999634,4.029999,-6.003876,1.05423
2021-10-14 15:45:40.514,0.6182393871777819,0.5341694144388189,1.3103911591249628,0.6957607072520955,0.6816641041599432,0.1507963164163907,0.4741739454688142,0.6047771457358672,1.008403853346724,0.7973861854439863,1.072820122794782,0.8673742017451888,0.9407540260515664,1.612835472766901,1.099640837658326,0.7171249888436977,0.6596254281493805,1.2185013458869498,1.1619803644867792,0.6926301553539889,796.1904761904763,770.0,810.6959706959708,775.6410256410257,689.8168498168499,-0.11145,0.032593000000000004,1.006042,4.4711300000000005,-5.383301,1.3981629999999998
2021-10-14 15:45:41.514,0.8838483578499648,0.5341694144388189,0.9169920864215466,0.7635811263275515,0.1056358512264555,0.1507963164163907,0.3439758687388932,0.24011331894447402,0.8537208951566465,0.7973861854439863,1.158148324161035,0.9273822337835606,0.7962969699581239,1.612835472766901,1.2396544982794881,0.8735553202602107,0.3433099803974541,1.2185013458869498,1.138035608359965,0.4599512920286454,766.7765567765567,762.7472527472528,773.6263736263736,789.3406593406594,956.959706959707,-0.10382100000000001,0.029358,1.0059200000000001,3.7757870000000002,-5.211334,0.276642
2021-10-14 15:45:42.515,0.5156368776472985,0.5341694144388189,0.6209237312586139,0.4135201511737998,0.1856012365116063,0.1507963164163907,0.06585127984022689,-0.05389893107611129,0.9161167570545315,0.7973861854439863,0.9995161197350328,0.9753990482548754,0.7618746218962986,1.612835472766901,1.127971742558445,0.8396808758634499,0.4734426011049488,1.2185013458869498,0.8539372420580974,0.3964935539367219,675.7142857142858,780.8791208791209,797.3992673992674,762.3443223443222,739.3772893772892,-0.095886,0.033202999999999996,1.009399,4.0000919999999995,-5.248718,0.500946
2021-10-14 15:45:43.514,0.3652888915555166,0.5341694144388189,0.4944963710916351,0.4536902771552576,0.2278081551428766,0.1507963164163907,0.040885006310062984,-0.01563479418959701,0.8824812414572859,0.7973861854439863,0.5975577605809668,0.8023445396617566,0.7198808917563342,1.612835472766901,1.0073979193553442,0.7437229144050312,0.5975396874502591,1.2185013458869498,0.7402298511336373,0.4519730621006371,788.1318681318681,806.2637362637363,799.0109890109891,803.040293040293,664.4322344322344,-0.10607899999999999,0.02887,1.005249,3.9851379999999996,-4.755249,0.26168800000000003
2021-10-14 15:45:44.515,0.6195435261563988,0.946166763374222,0.7183368172512928,0.7415177458148327,0.3705607538969905,0.6441315078111113,0.2090214634137103,0.2994634821666994,0.9529443507958488,0.9790095581506776,0.7666139584802671,0.6492391163869742,0.7855803621657647,1.419200824609119,1.099958216311027,0.6005876270366676,0.6353130117139763,1.08538732528881,1.1167768409374421,0.3997362209646318,753.4798534798535,805.4578754578755,796.5934065934067,771.2087912087912,904.1758241758242,-0.101135,0.031067,1.013,3.925323,-6.355286,0.41870100000000005
2021-10-14 15:45:45.514,0.5654898929115599,0.8873695719276717,0.7756606443664708,0.6031103583106955,0.3450895271423454,0.6590639024472176,0.4600968368021982,0.4351427210726488,0.653718195214106,1.2017628878580848,0.837070469870338,0.665326434869705,0.8697057886913337,1.4264799941740047,1.239906255469444,0.6307574681841478,0.6001600544615329,1.119519528327946,1.060274620253524,0.3501845940963144,670.0732600732601,785.3113553113553,810.2930402930403,788.5347985347986,659.5970695970698,-0.095703,0.031188999999999998,1.010132,3.955231,-5.50293,1.099091
2021-10-14 15:45:46.514,0.3986863284087064,0.296985596985342,0.5046640629211573,0.07271933613489881,0.1852110496213624,0.2146541768397261,0.2209870377821863,0.2279693004119288,0.6808094655100119,1.1070376855538477,0.7422830253316445,0.5652441465578639,0.6795491317732363,1.4264870814270618,1.161971422510453,0.8031228990456059,0.3447133778222222,1.1510713601443998,0.7015917772512065,0.424169572464772,761.1355311355313,776.4468864468864,810.2930402930403,773.2234432234433,690.2197802197803,-0.094421,0.030333999999999996,1.002258,4.456176999999999,-5.353394000000001,1.2261959999999998
2021-10-14 15:45:47.513,0.4115005645231476,0.2529593335055175,0.2238651696597408,-0.05445903642285668,0.09200262573995163,-0.1861685446875276,0.01731723894474245,0.129996866512249,0.763464474133063,0.8221419294922673,0.5593405849479045,0.576905370678334,0.7191788207609653,1.343134349622344,0.9402641823380904,0.6368856395432829,0.5513633932577173,1.4678600388624807,0.7354448132336547,0.5516363587138541,813.9194139194141,788.5347985347986,803.040293040293,784.9084249084249,946.0805860805863,-0.09845,0.03363,1.0072020000000002,3.887939,-5.024414,-0.456085
2021-10-14 15:45:48.513,0.3199211574095226,0.1421355053273073,-0.2594829386038097,-0.1965517394328904,0.1383782151079029,-0.2793970154692496,-0.0710504943594409,0.2270197648105197,0.8092125918303782,0.7632843119901179,0.6544364953895274,0.5398994381969036,0.7166865674050688,1.370173354173752,0.8851454245741249,0.5576534598602902,0.4312115886538638,1.3442997403214652,0.6171876581220711,0.3570770758604137,694.2490842490844,786.5201465201467,803.8461538461539,796.5934065934067,690.6227106227108,-0.104431,0.031372000000000004,1.006836,4.508514,-4.755249,0.201874
2021-10-14 15:45:49.514,0.2832242971661065,0.1097334891469113,0.92853208221906,0.4305518808929524,0.109274958385083,0.1576016978007871,0.6564907960193439,0.3770527998038851,0.7400641065038012,0.5482900022724109,0.8694226006484422,0.6764298981981308,0.5747486757757567,1.4244768594090391,0.8860035674228758,0.6143780269377045,0.2516745067126439,1.3150530733488799,0.5601479309916241,0.4918959941174122,715.2014652014653,762.7472527472528,794.5787545787546,772.4175824175826,507.6923076923077,-0.102539,0.030945,1.009827,4.104767,-5.263672,0.86731
2021-10-14 15:45:50.513,0.7664856381842974,0.7487183884691271,0.8862333791932724,0.7053864386102241,0.2938588294006452,0.4203474469950333,0.5972423024293976,0.4749045602488696,0.8515028588964849,0.7884005514177753,0.8475459815670722,0.7560519764986503,0.6743848020414503,1.426862789416964,0.9706930649602964,0.6996536160165735,0.3586260963954764,1.337979890864838,0.5423128966707836,0.5661994445114443,850.9890109890109,742.6007326007326,791.7582417582418,794.1758241758242,939.2307692307692,-0.095093,0.030579000000000002,1.0048219999999999,4.0898129999999995,-5.256195,0.500946
2021-10-14 15:45:51.514,0.5952232579917184,0.9231682312328304,0.1806047878222247,0.3988564609887538,0.2060585282697164,0.3928054359947106,-0.059278690438092474,0.2950325912787439,0.8542684459160008,0.7582838934946857,0.3789587045244157,0.7150602609579406,0.7657862821689508,1.313027809509828,1.010472910472736,0.6576428286970532,0.4770085325501843,1.438263583841416,0.6675576956583619,0.5309893964912079,731.7216117216118,774.4322344322345,787.3260073260074,789.7435897435898,781.6849816849817,-0.10437,0.036011,1.010864,4.164581,-5.144043,0.732727
2021-10-14 15:45:52.514,0.6887299191370944,0.7950914826766655,0.4016377270180775,0.426991621904535,0.2356811616269558,0.03754653859792993,0.3459340034708402,0.2945669209492083,0.7822634166787028,0.5274859031749651,0.525215969181814,0.7331667769146514,0.6359445982221861,1.622902174046914,1.016767862177017,0.6353674450498887,0.4135493157111413,1.416849462054885,0.7838904182611014,0.4115226474017817,694.6520146520148,780.8791208791209,815.5311355311355,800.2197802197803,695.054945054945,-0.106018,0.035156,1.0084229999999998,4.194489,-4.852448000000001,-0.49346899999999994
2021-10-14 15:45:53.514,0.4561638204849753,0.8829734835472082,0.5023635437980993,0.3536459266773819,0.1688383050876777,0.1734173092026892,0.4351450008658639,0.4432529781822789,0.713902320831203,0.514911883574536,0.7102952823761991,0.8903123471471872,0.6590612866578455,1.388040117726333,0.95642200588404,0.6602611334762373,0.38936565311215504,1.3574308120659422,0.6861740481551507,0.4626584689249894,861.8681318681319,794.5787545787546,816.7399267399268,792.1611721611722,912.2344322344322,-0.103577,0.033569,1.006348,3.917847,-5.129089,0.934601
2021-10-14 15:45:54.513,0.5955164276804539,0.756277888357777,0.07759323503511666,0.3222394358084334,0.3657056146726727,0.1338634805262549,0.4992354793389052,0.5247905379052233,0.929983912997168,0.6152016997308462,0.6347746141645719,0.8085742152124136,0.5209840545513112,1.4109306592912692,0.8724532308109478,0.6321745873222875,0.368400903267517,1.362586418689365,0.7392592695617036,0.4929203126825357,738.1684981684982,768.3882783882783,807.0695970695972,792.5641025641024,711.5750915750915,-0.093323,0.03833,1.008484,4.224396,-5.121613,0.897217
2021-10-14 15:45:55.514,0.4636785586292262,0.5306164024854985,0.1258438796169168,0.28334726954008804,0.5213178293009667,0.1135230422555842,0.09785645268052356,0.3767266769090623,0.7988991820185523,0.6081107708189802,0.2134556291364504,0.6321758475042728,0.47057000464474,1.496973122051341,0.9289135630171312,0.5520284845679362,0.233163656211769,1.25580491616751,0.6893926715419694,0.4451373225246245,642.2710622710622,808.6813186813188,815.1282051282053,773.6263736263736,756.7032967032968,-0.096069,0.038818,1.004456,3.7757870000000002,-5.166473000000001,0.44113199999999997
2021-10-14 15:45:56.517,1.395960745760628,0.1627106120674797,0.03473418039958948,0.1996478987686655,0.3721106212759814,0.02444854832585099,-0.07564745799347959,0.1800218368528201,0.6230256948532702,0.4681789145604879,0.3193092830030917,0.6162960032824365,0.6648922105388967,1.5285721035246107,1.002720013852606,0.3691143778841584,0.2860468086576921,1.252659572245774,0.5308294597361162,0.3152489584576474,902.9670329670329,787.3260073260074,805.054945054945,803.8461538461539,861.0622710622711,-0.098083,0.035156,1.00824,3.6412050000000002,-5.016937,-0.067291
2021-10-14 15:45:57.513,1.443475505691393,0.6433251526689067,0.1036861896437399,0.1512325618571479,0.4652695766981523,0.5033600393804801,-0.03120873946312167,0.006111029436817245,0.6972356395396733,0.7189617534303756,0.2677077448526718,0.5972784825843144,0.5404874866045296,1.474131777080449,0.7031033537897813,0.4096337460956784,0.4350523467236742,1.2179605411363892,0.6109646107856885,0.3019043445139136,802.6373626373628,755.8974358974359,786.5201465201467,790.952380952381,770.8058608058608,-0.102844,0.03009,1.004211,3.925323,-5.17395,0.620575
2021-10-14 15:45:58.514,0.2517899083106072,0.7103601393365814,0.1360295912591994,0.1763314259975264,-0.1743037353480618,0.4130754044406305,-0.06493104005805182,-0.1186362241999644,0.7448545448751066,0.7638142330591475,0.2711926852638724,0.6252098796450478,0.5260259335510656,1.397189339023546,0.6768473601027793,0.4192410068350086,0.4278282054125062,1.094122176877296,0.7480662627700384,0.372217979473024,700.6959706959708,773.2234432234433,790.952380952381,788.9377289377289,665.2380952380953,-0.103149,0.032532,0.9996950000000001,3.8356019999999997,-5.465546,1.05423
2021-10-14 15:45:59.514,0.2609721006917494,0.5445687868861099,0.062189844508787874,-0.03817022430710006,0.1124352083788884,0.25379230525103197,0.19173922549741199,0.039661161428979866,0.8214082369655602,0.6499365033545895,0.668018099130615,0.5864736731015289,0.4637844324636433,1.3003819605820421,0.794413524846323,0.5560090804451521,0.3235064565688844,1.072520396886269,0.6509709245723543,0.4412453681325171,881.6117216117218,783.6996336996338,796.9963369963369,787.7289377289377,815.5311355311355,-0.09820599999999999,0.033997,1.006592,4.157104,-5.196381,0.971985
2021-10-14 15:46:00.516,0.4722696166190145,0.5495102215976176,0.2390197537105911,0.05386627404427564,0.6049723059387041,0.2814444829424559,0.2577673651851929,0.32917401375906397,0.7417087071592426,0.6554708390640546,0.7907344079298361,0.6505541019023525,0.5175451568742274,1.1996926158976842,0.8428365226250586,0.6069715551782197,0.3216042251813842,1.140806712919781,0.3539249993321891,0.3238936104680132,673.6996336996338,784.9084249084249,805.8608058608058,764.3589743589743,669.6703296703297,-0.10229500000000001,0.038818,1.00531,4.418793,-5.046844,0.852356
2021-10-14 15:46:01.517,0.20656750641728,-0.3428341979052065,0.1207276591668197,0.1763594247468386,0.2889822352667518,-0.02945556617612385,-0.046464145955392985,0.2178146515415067,0.7961993860448825,0.6275723634677091,0.7334200360042841,0.6800098559912227,0.7223105086917614,1.291959054515818,0.7945089528485612,0.5857813325210409,0.2975571356319064,1.0382415800747091,0.5213740025090318,0.326899021733008,754.2857142857142,792.5641025641024,782.0879120879122,784.9084249084249,1027.069597069597,-0.09491000000000001,0.037354000000000005,1.005615,4.0000919999999995,-5.2412410000000005,0.112152
2021-10-14 15:46:02.514,-0.1397742703825217,-0.6771754614936409,-0.2771791003458461,0.03938677862070207,0.1484073477424642,0.0377647282828184,-0.07181431654063378,0.2753266791881587,0.7925535580162856,0.5839167011961953,0.4185656665761073,0.64139847483794,0.6873813279106618,1.356781607437493,0.7531606048583616,0.6706919856957556,0.2647500202228309,1.1399562027491068,0.6394091483837063,0.2788114333264149,887.6556776556778,747.0329670329671,783.2967032967032,801.4285714285713,818.3516483516484,-0.104004,0.034668,1.0084229999999998,4.067383,-4.673004,0.859833
2021-10-14 15:46:03.521,0.2317371966104564,-0.3678911974736156,-0.3846249165738869,0.2553120270204445,0.1695387186500298,-0.1625566347314803,0.06256239020795702,0.3314402416312113,1.0853482470287692,0.6764978196767119,0.587704015745924,0.6105744388461455,0.6153968603247365,1.4182725059950692,0.9744555577681898,0.5446642406231129,0.3470685715263777,1.2272605495729627,0.7680876885175448,0.4743578124226727,900.5494505494507,795.7875457875458,782.4908424908424,806.2637362637363,759.1208791208792,-0.098633,0.037781,1.00708,4.07486,-5.473022,0.6130979999999999
2021-10-14 15:46:04.514,0.4381652630723661,-0.1492216228019457,-0.04639257943998305,0.04225783552152892,0.2575869401722807,-0.06797146294749222,0.05917883250138485,0.2345210085519314,1.025433464710895,0.6645237549942041,0.4595995304801874,0.7325938187145928,0.545979688064154,1.320716944276531,0.920383891140254,0.5276556459493938,0.2212497794441768,1.258363674113703,0.64412474515201,0.4337489382480189,695.4578754578755,766.7765567765567,813.1135531135533,759.9267399267401,885.2380952380953,-0.099976,0.047119,1.006836,4.306641,-5.114136,0.964508
2021-10-14 15:46:05.519,0.2934067237758906,-0.1418111457963701,0.1375831103279027,-0.030353126139804364,0.4176164606748019,-0.1634246222789054,-0.06512960448008669,0.2470979369392335,1.165216257624081,0.5699508099333962,0.3514665936933679,0.7727403856760156,0.5505098761308039,1.4089696908073661,0.9387898363596412,0.5469544316192784,0.2421674244027514,1.3091222910848892,0.6919748184139886,0.2985761078785946,818.3516483516484,790.1465201465203,812.3076923076924,787.3260073260074,703.1135531135533,-0.11041300000000001,0.049377,1.003845,4.0000919999999995,-4.807587,0.583191
2021-10-14 15:46:06.514,0.3912123602627762,0.7361682684582838,0.002307014857247181,0.1845491406676787,0.3248009820888863,0.04321568410733784,-0.01402131014125075,0.4770860857995037,1.098433726024258,0.7548854084123993,0.3631496149131701,0.6232492376578092,0.5811340816641766,1.3990809248845657,0.9351091594030942,0.5628142938906305,0.3214623712232971,1.3454272983096642,0.7011132307625707,0.3608429432698994,896.9230769230769,794.981684981685,805.054945054945,792.5641025641024,840.1098901098901,-0.21655300000000002,0.023315,0.98645,1.4505,5.8094790000000005,-3.469238
2021-10-14 15:46:07.522,0.868620546106666,1.037031106310593,0.7465650718578919,0.7796039957329483,0.5497652388784274,0.4905191771296538,-0.09862654058832013,0.7320376796619075,1.213680071713165,0.7329423665574542,0.0850650508817673,0.8656911347672098,0.6950449845370461,1.4709772541030148,0.7645590244823512,0.40671641028740896,0.4715956258195051,1.341712054513934,0.6592625046470232,0.3925482749730227,666.8498168498169,844.1391941391942,866.3003663003664,784.9084249084249,860.2564102564102,-0.315796,-0.039978,0.9661870000000001,0.343933,-5.353394000000001,-2.4748229999999998
2021-10-14 15:46:08.514,0.4017530363051529,1.6138955266517732,1.5834573258959588,0.4261942380645666,0.2533927240460827,0.8576787928525311,0.7676168179334424,0.3081704549278763,1.193821023247559,0.7517389093708531,0.5782467884858292,0.8722670797527661,0.676081295077849,1.4297537992184282,0.8841549735165027,0.5633277117234405,0.3827845404522326,1.173264030011522,0.6329624352513712,0.3285201149542817,767.1794871794873,799.8168498168499,865.0915750915751,792.1611721611722,684.5787545787547,-0.305359,-0.08190900000000001,0.966858,3.4393309999999997,-4.874878,0.157013
2021-10-14 15:46:09.516,0.02136860215842401,1.5811922436586208,1.1747146488290439,0.2343922633343476,0.06951808844580812,0.7063208292393168,0.2609759453190894,-0.1347118129654583,0.8341074421149021,0.7510459556651585,0.2982158174708428,0.6263042494454472,0.7328462795858146,1.433130755720566,1.1259804012432428,0.5783196027284737,0.2972059483267656,1.316851346167918,0.7160693704507678,0.3557045947904785,900.5494505494507,796.5934065934067,812.3076923076924,807.8754578754579,729.3040293040292,-0.300781,-0.07470700000000001,0.9638059999999999,4.044951999999999,-5.286102,0.9495540000000001
2021-10-14 15:46:10.514,0.2399427609018493,0.2654723345728002,0.7681595395444099,0.279077306894587,0.2157047983304606,0.1281501031439569,0.2335014486780584,0.007945851392467795,0.8337153625583651,0.6372559833979629,0.6027784879893874,1.051554593767555,0.5948665842351025,1.471557727243798,0.99940195262613,0.5669680650604915,0.3419369700294436,1.379091412237939,0.6642681652668755,0.2833492464394522,911.4285714285713,767.9853479853481,813.5164835164835,809.0842490842491,817.1428571428571,-0.285034,-0.112793,0.96283,0.971985,-6.512299,-4.224396
2021-10-14 15:46:11.514,0.1891879013362078,0.2009951604299486,0.40130324711202703,0.1753476736954442,0.2921176926610841,0.4058528427810535,0.2462993634390647,0.1164334185861559,1.186514851512515,0.7212113111136027,0.6177735725180441,1.102720586882193,0.5924207674275528,1.287795010262402,0.9670735390455768,0.6830541442320086,0.3822485451955754,1.308022333354288,0.6245305229362531,0.3522406408031503,711.1721611721613,774.4322344322345,801.8315018315019,768.3882783882783,633.0036630036631,-0.250488,-0.180725,0.962219,2.407532,-5.233765,-1.368256
2021-10-14 15:46:12.513,0.7459178247342328,0.3064009530390918,0.1705699795855588,0.01233813855999529,0.1173925382066808,-0.008375514426490501,0.0732929771337787,0.1126202130800566,1.184372901756468,0.7397005231936371,0.5066870536796612,1.1082387803652958,0.5553748824519974,1.1888340771980401,0.8853536965863872,0.7456112411894235,0.3219083106999461,1.199707700194819,0.5444385500738517,0.131489441509759,871.9413919413921,791.3553113553114,802.6373626373628,767.1794871794873,720.8424908424909,-0.250671,-0.202209,0.9630129999999999,4.583282,-4.687958,-0.70282
2021-10-14 15:46:13.514,1.0573144274736992,0.4572686375773605,0.8640240270225443,0.7086313216310464,0.04169688818040432,0.2933539702146068,0.3856430607274227,0.4385456574494995,0.9461844160301128,0.7870220851271842,0.8121152219981239,1.042022649431095,0.698763806188551,1.263056775982713,0.7621055668577829,0.7125232463193905,0.2657264723351115,1.060073517530609,0.5114037044160593,-0.08097977355509357,696.2637362637363,791.7582417582418,795.7875457875458,790.5494505494507,1165.2747252747251,-0.246338,-0.19628900000000002,0.9652709999999999,3.7757870000000002,-6.026306,0.6130979999999999
2021-10-14 15:46:14.516,0.7750136529946035,0.1869482647523009,0.90802702220897,0.6968939332528016,0.32721831720806,0.2892919096069428,0.5418357373247353,0.3927517745238038,0.9791851949259552,0.8326606157975981,1.079167653837359,1.0108562923806421,0.7404669625062471,1.31816709524672,1.009063167328877,0.605449605878768,0.3205166719986692,1.1557097497492,0.5464562015407503,0.192836065355305,676.1172161172161,801.025641025641,786.9230769230769,776.8498168498169,584.2490842490843,-0.256714,-0.184326,0.968506,3.72345,-4.807587,-0.24673499999999998
2021-10-14 15:46:15.513,0.6606631401296756,-0.06304397633526693,0.5658619130352429,0.5196364344228444,0.1711995607611134,0.001491384430625585,0.4373673291251783,0.3320208058798967,0.804052878247889,0.7673855292001499,1.079167653837359,0.8493660364391405,0.7349044114978168,1.261295014623875,1.1468121196787642,0.6158633795397176,0.4007085546491731,1.1403461675855702,0.6482562707918816,0.2756786093653038,879.5970695970697,802.2344322344322,808.2783882783882,814.7252747252749,754.2857142857142,-0.255127,-0.168945,0.9628909999999999,3.828125,-4.8823550000000004,1.2486270000000002
2021-10-14 15:46:16.514,1.145558604512013,0.2108900348282337,0.07565585889876249,0.6340732831455422,0.8326388668878645,-0.041165494938048684,-0.1151528685310664,0.4961779508326611,0.9630675749248152,0.7017366672952978,0.3250048053824692,0.8070857640166679,0.7102782941878185,1.3292716870610908,0.7802088942316471,0.6284727120406228,0.3020870779884694,1.101298146094844,0.5059130301845131,0.3119664057023854,716.007326007326,828.4249084249085,849.7802197802197,801.025641025641,990.0,-0.29138200000000003,-0.150452,0.9522709999999999,4.351501,-5.301056,0.927124
2021-10-14 15:46:17.515,0.8700151898057592,0.251735817655205,0.8813783754979353,0.4682705520069038,0.7313071143934727,-0.1603825635128937,0.3237948397868448,0.3478211521050141,0.9536490224072922,0.4811760914904197,0.2196374157461181,0.7899580440360655,0.6575419392800489,1.3903091396173441,0.8254887464489906,0.7159069343673494,0.1536184410029809,1.177480061444579,0.6730068958274052,0.33491295256912607,697.8754578754579,815.1282051282053,786.9230769230769,789.7435897435898,638.2417582417582,-0.28009,-0.173218,0.960938,2.1832279999999997,-6.123505000000001,-1.286011
2021-10-14 15:46:18.520,0.7479985386334309,0.4976372982270489,0.874948865351328,0.3108008302044928,0.4357634919487265,-0.07593717667143261,0.2679258104336469,0.26951348321155,0.7921353121756293,0.6347904148067487,0.2996692624644838,0.7528506192323642,0.639707633875066,1.056391936113604,0.7752492057695441,0.461190734142419,0.1662586218105599,0.9552214480908248,0.6000955261934943,0.1442340673146721,865.4945054945056,786.1172161172162,779.2673992673992,794.5787545787546,712.7838827838829,-0.267029,-0.22021500000000002,0.952393,2.4823,-5.301056,-1.286011
2021-10-14 15:46:19.514,0.4523488104850639,0.4808308306301939,0.4105161932808359,0.5429016237551584,0.3486755567131222,-0.2119197945577791,0.1453402683490861,0.1946055702730797,0.618852458644427,0.4449720202388853,0.3472725825451139,0.6909430717930982,0.6221760798770727,1.1388513832776008,0.6640718117667603,0.1875708402727318,0.2472219073816886,0.9749227771230584,0.3717050103222762,0.1157639115873422,697.8754578754579,801.025641025641,802.2344322344322,773.2234432234433,1111.684981684982,-0.257874,-0.21923800000000002,0.9517209999999999,4.224396,-4.867401,0.284119
2021-10-14 15:46:20.514,0.1348075035444886,0.5546407644672114,-0.2242790961344848,0.6391198922831258,0.0390445907183602,0.0068249881261992105,0.1878529420721503,0.22135165037295698,0.794053331664295,0.6004780990791532,0.6019187652146243,0.7612817590965891,0.5521145071444817,1.287873605991362,0.6128124803638786,0.3544816657105483,0.1700864112850127,1.014358418134077,0.3080905151609161,0.1592973238114437,686.9963369963369,790.1465201465203,794.1758241758242,771.6117216117217,584.6520146520148,-0.260681,-0.21704099999999998,0.952332,3.843079,-5.585175,0.336456
2021-10-14 15:46:21.517,-0.1553580372179756,0.4498968277822709,-0.057176641636097064,0.3918256328145798,0.06853067371556709,0.1188409924714673,-0.02710776005088441,0.1390647787025515,0.8543225846665031,0.6220916471862665,0.5219604628053413,0.6404538916660253,0.4956288680889237,1.3255002978657922,0.4879848880382071,0.4792183888615646,0.2301241717174651,1.132829818943753,0.2713024659984671,0.08238640452340279,851.7948717948718,776.8498168498169,801.8315018315019,802.6373626373628,767.1794871794873,-0.256653,-0.219604,0.957825,3.6711120000000004,-5.17395,0.762634
2021-10-14 15:46:22.518,0.3168666521290077,0.09876842510122802,0.1444143675814378,0.295530022327873,0.005263628677203492,-0.09132806646775153,0.06827563014815863,-0.005988349051690565,0.5215921407845023,0.5519540574470898,0.607421564243764,0.6065431015788991,0.5228209368344542,1.1948887264815282,0.4697554149878372,0.5018193084831173,0.1994490396738185,0.9627457645763432,0.1221759222434331,0.09024230029558836,716.8131868131868,788.1318681318681,803.040293040293,783.6996336996338,1170.1098901098899,-0.253906,-0.219177,0.952393,4.067383,-5.203857,0.456085
2021-10-14 15:46:23.514,0.2347665010932408,0.2917619370846081,-0.002557915374327056,0.03152049476330838,0.040443576319904785,-0.06301833482771703,0.0782770445458314,-0.03447518421265332,0.6485493192828091,0.6074223087491036,0.6120938655615586,0.8356463313370531,0.4790909972615864,1.109365389126138,0.5293082339195759,0.4717040030472756,0.06477701671872696,1.030132605857121,0.1886525716728218,0.1265865078182531,678.9377289377289,778.8644688644688,797.3992673992674,755.0915750915751,655.1648351648353,-0.249756,-0.208679,0.9589840000000001,4.530945,-6.071167,0.86731
2021-10-14 15:46:24.514,0.4201644207948516,0.3029565697663417,0.2141568967320985,0.1997370150388401,0.2728484600216893,0.000169684359489637,-0.004143420355646836,0.1996355298396261,0.6355006066983466,0.6604161575797268,0.5850003011067261,0.7346144459319255,0.5175271316200897,1.230257295409596,0.698873288100298,0.5641514328037862,0.2681391151656152,1.168281516976152,0.5209427400757342,0.3680230147856281,818.3516483516484,776.8498168498169,810.6959706959708,811.5018315018315,681.7582417582418,-0.25885,-0.20843499999999998,0.957886,4.037476,-5.091705,0.6654359999999999
2021-10-14 15:46:25.514,0.2927939515505088,0.1563020056884545,0.2075540807418141,0.7210790860692232,0.1434596506375704,-0.07087953151471901,0.06957934870961548,0.3918675300592434,0.8662156120119393,0.6183124688914187,0.5967040764325191,0.8378406961586913,0.6036208542500355,1.15656731227155,0.6397064319737636,0.5032582466640176,0.3480382966608674,1.055092890280903,0.4939582388707561,0.4668854441344288,740.9890109890109,821.5750915750915,788.9377289377289,769.5970695970697,1050.43956043956,-0.25616500000000003,-0.209412,0.9568479999999999,3.6860660000000003,-5.129089,0.067291
2021-10-14 15:46:26.529,0.2203142680387863,0.1116631661418797,-0.2702425222609391,0.5279093224764863,0.1818170754804341,-0.05022448675766406,-0.1880119118190822,0.205307843981413,0.9497484370096848,0.5037510943838269,0.3642538715528141,0.8301088158812019,0.7047903215733413,1.176534816520979,0.527751833071019,0.4642270674376949,0.4568531752503228,1.081219339756182,0.36443837817953295,0.4692620024811643,663.6263736263736,771.6117216117217,801.4285714285713,762.3443223443222,603.992673992674,-0.255737,-0.205139,0.950256,4.254303,-5.517883,1.644897
2021-10-14 15:46:27.514,0.4120236195398689,0.2414999457347546,-0.1066024554940342,0.5281940103519522,0.1892910002104769,0.08511476247364004,-0.1386498540491884,0.102876366926087,0.6555406338323148,0.4508757337162317,0.1565556908823008,0.6813199768195102,0.6006387515565854,1.2461979824815648,0.6473390670764358,0.4999367351245711,0.4782227272703895,1.1163094408694618,0.4445329762950126,0.3408726326617355,762.3443223443222,794.1758241758242,802.2344322344322,778.8644688644688,614.8717948717949,-0.261475,-0.205994,0.956299,3.4841919999999997,-5.33844,0.433655
2021-10-14 15:46:28.513,0.5438076371234405,0.1234646291209684,0.09341058683414084,0.5117325219245518,0.09348129820886301,0.2459976499837928,0.00028192757892821934,0.02852113739135467,0.6458125279600597,0.3606935232787563,0.4373561096317687,0.6967837993396325,0.502498690175174,1.09721336872086,0.5704453574668189,0.5097188487872951,0.3912871986217237,1.2094430183844942,0.3451517321394682,0.4022406124302629,796.5934065934067,794.1758241758242,803.8461538461539,803.040293040293,1073.003663003663,-0.264221,-0.21606399999999998,0.9556879999999999,3.858032,-4.6804809999999994,0.553284
2021-10-14 15:46:29.514,0.2821580184210944,0.03434529223144553,0.2207189351106008,0.09730548373906596,0.1145322126721915,0.08819454825182486,0.2124629292169466,0.2075483583619146,0.6874749072406802,0.4293387180650481,0.5499674113427113,0.5980350644237549,0.689883640781652,1.214806511197231,0.6525347552551055,0.5759398668486985,0.1547721887073331,1.088753957999309,0.4464181143912512,0.4165036073866687,670.0732600732601,793.7728937728937,793.7728937728937,778.8644688644688,684.981684981685,-0.261536,-0.22583000000000003,0.950684,3.334656,-5.450591999999999,0.074768
2021-10-14 15:46:30.513,0.03530438440486454,-0.1350386435098956,0.1421649180236218,0.1600643427641522,0.2767415596323008,0.011810280100534809,0.010437863070533541,0.1512862447313854,0.8323416142628702,0.5334697746151257,0.44116307329972104,0.4307884073467858,0.6302982715383155,1.266980185828572,0.67837157622033,0.5708263158599897,0.1624088682000238,1.1740384738105858,0.4997266125390335,0.3531914551267714,715.6043956043958,786.9230769230769,789.3406593406594,775.2380952380953,723.2600732600732,-0.267151,-0.233765,0.953369,4.463654,-5.323486,0.770111
2021-10-14 15:46:31.514,0.2337781522359599,0.07177736617009241,0.1083807407085425,0.3502662437481609,0.2162411834056777,-0.1351833801946908,-0.3934868710573126,0.4617071095605642,0.8153221521844672,0.4183568398332387,0.4783267825898903,0.37849499635034,0.5698731435754283,1.290057568263771,0.5395660223140417,0.4247112069166613,0.2111638883641915,1.1436534894836679,0.2891842865369279,0.2888137970036696,833.2600732600732,794.5787545787546,810.2930402930403,792.1611721611722,1131.831501831502,-0.27069099999999996,-0.23095700000000002,0.94989,4.201965,-5.188904,0.56076
2021-10-14 15:46:32.524,0.1280014368205536,0.6266176998266438,0.3431786239914422,0.4259371738064175,0.053509161943257534,0.2387549215293554,-0.06605323913701226,0.4537493505025355,0.6112727233073549,0.4370984627596076,0.4748403427754448,0.4555246002780018,0.5716400336629017,1.304640250748387,0.6166497760190165,0.4451258099570166,0.2656093524969002,1.100251981840249,0.2801658089204262,0.2921615242944229,702.7106227106227,793.7728937728937,787.7289377289377,780.0732600732601,631.3919413919414,-0.269775,-0.228516,0.9555049999999999,4.209442,-4.418793,0.41870100000000005
2021-10-14 15:46:33.514,-0.04170362564517132,0.7774278498824267,0.2507445075709426,0.380375905817265,0.12786623099343,0.2194386157228432,0.08326327723837723,-0.1974838889735283,0.8310504495920198,0.5593573544511286,0.34852107528134196,0.583185538337706,0.4064529261200013,1.2884537382835939,0.5926589549934073,0.4426504635944465,0.06303204250170967,1.153819064848802,0.3614424580790027,0.2110598633184571,682.5641025641024,805.4578754578755,806.6666666666667,782.0879120879122,611.6483516483516,-0.26452600000000004,-0.233337,0.9471440000000001,3.843079,-5.480499,0.448608
2021-10-14 15:46:34.514,0.2044252999141857,0.225724063577746,0.1904154433206968,0.3132487651552063,0.04281118391879156,0.04704560510153208,-0.2137625515013827,-0.023545711495727283,0.7880342693683843,0.6107515926918231,0.3043223765321015,0.5507534835992531,0.4464051882553876,1.345305457412324,0.6895599858486752,0.433580932460443,0.1300636926439121,1.1478323929102978,0.2461992461521884,0.2630384356817966,873.956043956044,782.0879120879122,794.1758241758242,806.6666666666667,1102.014652014652,-0.262207,-0.23608400000000002,0.9501950000000001,4.351501,-5.188904,1.07666
2021-10-14 15:46:35.514,0.1407154066251121,0.018929112592736,0.1588780971885977,0.4246521235091623,-0.1011959115915671,0.1705714952939664,-0.1524974069844884,-0.05720010460345833,0.6345590949999732,0.5780408895750944,0.3384742754447513,0.3982599808973628,0.5085693540611457,1.3771601375312141,0.6149683124199729,0.5033526123188801,0.2421101603078913,1.2887724868100319,0.1380353343866816,0.3340779993088686,769.5970695970697,1105.641025641026,763.1501831501831,801.025641025641,766.3736263736264,-0.266907,-0.22479200000000002,0.9549559999999999,4.239349,-5.50293,0.755157
2021-10-14 15:46:36.514,0.6652101552287603,-0.07491465737108223,0.1755574906616396,0.7487132015165957,0.2120527396080821,0.008587043723951356,-0.1227876637809612,0.17191739322902802,0.3162173081726226,0.4869499134196969,0.2345479068083114,0.3925417987592866,0.5798463370196325,1.2747488835887548,0.6871884143392352,0.653479628215031,0.391870287603044,1.433530472198039,0.2718389608814917,0.3843644918533081,674.1025641025641,835.6776556776558,788.1318681318681,768.7912087912088,612.4542124542123,-0.254089,-0.232483,0.9564819999999999,3.334656,-6.265564,0.747681
2021-10-14 15:46:37.514,0.5280594281071861,1.3065044149056169,0.3607973749965266,0.6840654083729341,0.1259501813403613,0.34307743768852694,0.165374084795262,0.46045763264645206,0.7404442542791955,0.5574666729188276,0.3325249009353943,0.9139070560799736,0.5947414061752782,1.45805288942097,0.6652678712573684,0.6452652428666841,0.3376001357729144,1.105622654416824,0.2893397402744283,0.3639002494751909,722.4542124542123,768.3882783882783,787.3260073260074,801.025641025641,857.8388278388278,-0.237488,-0.23284899999999997,0.9471440000000001,4.269257,-4.844971,0.5906680000000001
2021-10-14 15:46:38.514,0.3746212068305463,0.9480254247798026,0.0489330839549034,0.7010458192515268,0.3631438679087054,0.1254124363845873,-0.09947665340737397,0.8114788202121007,0.5971335541440391,0.5213766888198608,0.3643920460388568,0.9472227720340352,0.4674711832097362,1.378503398985927,0.6165520657547403,0.6400638295529149,0.055780410346748084,1.212548385313889,0.2796869234496387,0.1821674160421511,790.1465201465203,723.6630036630037,788.1318681318681,789.7435897435898,757.1062271062273,-0.244263,-0.240173,0.950256,3.648682,-5.562744,0.276642
2021-10-14 15:46:39.514,0.1328292470339205,0.7128547741681828,0.07492356902589473,0.4785572052529211,0.2687965031387188,0.0443349916957356,-0.08423512103856295,0.4318807140661722,0.8910294254086913,0.264400819093228,0.3581828193878805,0.789324254750103,0.4229366889727187,1.308220413719305,0.5767364145598377,0.5907438577967171,0.07841001391653482,1.133419467493542,0.3487120466531843,0.2649953754581144,682.5641025641024,717.6190476190477,768.3882783882783,776.0439560439562,668.4615384615385,-0.24224899999999996,-0.24645999999999998,0.94989,3.9701839999999997,-5.330963,0.508423
2021-10-14 15:46:40.528,0.4478414929974123,0.2255800443149175,0.3438024004490964,0.8242654263300003,0.1047402537917451,0.004475835220241537,-0.08079430048359211,0.1886297927743708,0.8972633401468163,0.6140504645819616,0.3983838425390967,0.5285979987495438,0.6068232387951554,1.3686514733822222,0.6393813760850693,0.5938288287121753,0.1798375150582392,1.297587274166115,0.3395431958276633,0.3300703311613513,909.81684981685,731.7216117216118,798.2051282051282,807.8754578754579,1041.575091575092,-0.24176,-0.24176,0.952881,4.276733,-5.398254,0.717773
2021-10-14 15:46:41.514,0.7168671160619678,0.46145630404904203,1.041828679365831,0.9711597562962562,0.1127163170809284,0.2306907403944293,0.5054984328522527,0.3788363527680414,0.8840947708751594,0.8289115434679876,0.6065709541297887,0.5416235752971338,0.7009597176891941,1.5118670176428457,0.6597915558422444,0.4497149300180247,0.3315182486803842,1.4670466202362418,0.41675574679526894,0.2716846465204096,814.3223443223442,762.7472527472528,794.5787545787546,793.7728937728937,774.0293040293042,-0.23797600000000002,-0.23211700000000002,0.9599610000000001,3.9328,-5.652466,0.44113199999999997
2021-10-14 15:46:42.515,1.391513698040922,0.8571669967501763,0.6632348213954887,1.4120373518449343,0.9332781168296336,0.4079588650011434,0.3127198129550796,0.6612527334638991,1.159436365004469,0.9530530860729074,0.7456679781498388,0.7015091584913867,0.6888011176439089,1.4496844127181008,0.6823408810917725,0.6394208540553814,0.4844420015119336,1.4462446070760169,0.6958198244682967,0.3946223797323765,674.5054945054945,741.7948717948718,790.5494505494507,779.2673992673992,760.7326007326008,-0.23962399999999998,-0.23211700000000002,0.9577030000000001,3.798218,-5.413208,0.32150300000000004
2021-10-14 15:46:43.522,1.3308403558728508,0.5450623828633323,1.146293236465554,1.376858499304992,0.8932306565577659,0.753537285179325,0.3091733342986508,0.6214302219353989,1.166114800246927,0.8079821213515225,0.7597813313381093,0.6973979539670221,0.7043209644608938,1.503066781205655,0.8339049622342025,0.6757624853681858,0.5156255084904162,1.4508488936389632,0.6565945651337127,0.3742133136027948,807.8754578754579,793.7728937728937,815.5311355311355,813.5164835164835,695.4578754578755,-0.23889200000000002,-0.24169899999999997,0.9586790000000001,3.977661,-5.293579,0.16449
2021-10-14 15:46:44.518,0.7883621117063169,0.5450623828633323,1.4110557972651698,0.7838576660787221,0.137863079031216,0.753537285179325,0.2763065341114861,-0.050452950435520214,0.9301810109865116,0.8079821213515225,0.447590508284818,0.5620596869573635,0.562103448612398,1.503066781205655,0.6801428987601089,0.5667276590095955,0.1603765838236838,1.4508488936389632,0.4193582572272033,0.2827296052244095,774.8351648351648,734.1391941391942,803.4432234432236,791.7582417582418,728.0952380952382,-0.237427,-0.243103,0.951416,3.4019470000000003,-5.607605,0.37384
2021-10-14 15:46:45.514,1.321120184221271,0.5724469496687062,0.7881758156665717,1.387277684310737,0.6414710620779662,0.348722793695722,-0.02942119259259379,0.6860616780725954,0.524284100656921,0.7953912158024958,0.4006385056415833,0.5851619034378601,0.5004229061519572,1.4375751039159967,0.4490573733036726,0.4362426876267915,0.07653642368568753,1.303344979001835,0.3689720744809272,0.1703603283220519,664.0293040293042,745.0183150183151,807.4725274725274,774.4322344322345,599.5604395604396,-0.24084499999999998,-0.246948,0.952209,3.828125,-5.368347,0.49346899999999994
2021-10-14 15:46:46.514,1.508557674398556,0.6349063057190141,0.4201785957452696,1.5835733412613948,0.7341241552495413,0.32812156688994204,-0.2282090335782174,0.7947931602048459,0.6697861115859172,0.8008313527996574,0.4613665250955596,0.7163740933246151,0.5683998931678175,1.404073462610186,0.4636321464716389,0.6366723831869167,0.08373154795596288,1.2412777692721049,0.3587979905307022,0.2002673257614463,915.0549450549452,771.2087912087912,803.8461538461539,812.3076923076924,1089.92673992674,-0.248108,-0.249817,0.9516600000000001,3.730927,-4.82254,0.17944300000000002
2021-10-14 15:46:47.514,0.16503847936525,0.6433860042014528,0.8908603335806187,0.4942278646911721,0.2253736217537475,0.1445725444816131,0.4747739835688543,0.06390338357789008,1.053673559488639,0.5577751609329041,0.8583362402899154,0.750603139659168,0.5679687152896836,1.3822134975934222,0.5272218792604532,0.7437722493495598,0.09468678597241656,1.172564083953376,0.198286231934549,0.3156585971628421,680.952380952381,778.8644688644688,799.0109890109891,769.1941391941392,601.5750915750916,-0.229248,-0.24853499999999998,0.9537959999999999,3.730927,-5.861816,-0.44113199999999997
2021-10-14 15:46:48.514,0.12380442350282903,-0.1155052906657935,1.2837871908975511,0.5905399134191288,-0.2328523897838299,0.003535094510120157,0.9018027791962208,0.1007225034143974,0.6695674367582988,0.6324042837148126,0.9158261600203276,0.4517424892548361,0.4829232610030032,1.416177548879402,0.7055670103626015,0.4942823457479388,0.029318583908049683,1.149394382138162,0.2628514015185641,0.2201330582383695,695.054945054945,772.0146520146519,787.3260073260074,776.0439560439562,632.1978021978023,-0.22528099999999998,-0.265198,0.94635,3.656158,-4.9646,-0.022430000000000002
2021-10-14 15:46:49.522,0.01678291670200199,-0.1141867264844567,0.2010088827342181,0.4046473940210988,0.2060688269262634,-0.08353011382819259,-0.06305464150017298,-0.024550380604305318,1.06857543861891,0.8484049496941191,0.4820531515384757,0.7508687785885262,0.4893385993129358,1.322631159075972,0.6187580444897194,0.5097679684534209,0.136038351445757,1.4090121497109651,0.2237359708148684,0.1792215214447281,904.981684981685,824.7985347985347,814.7252747252749,798.2051282051282,978.3150183150183,-0.233398,-0.255249,0.953857,5.846863,-4.874878,3.050537
2021-10-14 15:46:50.527,-0.056850678876820625,-0.1011215107019013,0.3514793444834318,0.3739047093749939,0.2161081581655805,-0.02622164261967817,0.328077556087063,-0.2160285013530855,1.090562564493879,0.7346029179849332,0.47405249251317605,0.8572039376816549,0.7247147077572115,1.232862327310861,0.8240054163826054,0.7391867174660983,0.5463195238370192,1.528332682140108,0.5276962292134523,0.3426443980801983,749.047619047619,676.5201465201467,910.6227106227108,735.7509157509156,820.3663003663004,-0.320496,-0.064026,0.961609,16.075134,-2.818756,20.247192000000002
2021-10-14 15:46:51.513,0.1412970869922511,-0.1011215107019013,0.44130288359226205,0.4512616544847549,-0.07000254805993328,-0.02622164261967817,0.508460712370871,-0.3603564832020482,0.794994713588726,0.7346029179849332,0.461110965712994,0.778276145795766,0.9550318191671224,1.232862327310861,1.0445385431956768,0.9176315175650804,0.726931610934456,1.528332682140108,0.7205059698441718,0.5124442115125101,697.8754578754579,786.1172161172162,783.2967032967032,779.6703296703297,651.941391941392,-0.30175799999999997,0.10321,0.9611209999999999,4.411316,-6.20575,2.108459
2021-10-14 15:46:52.514,0.946643093420133,-0.1011215107019013,0.6873287789591698,1.2453313906447179,0.6028336728699812,-0.02622164261967817,0.4668050945443936,0.6871614482836853,1.150519126924372,0.7346029179849332,0.4688203147703401,0.9724142005713594,1.088911710363047,1.232862327310861,1.487520467409887,1.05769808479945,0.6196699003055469,1.528332682140108,1.2382372200810758,0.7667436939436443,713.992673992674,761.1355311355313,817.5457875457877,671.2820512820513,635.0183150183151,-0.23284899999999997,0.088074,0.9844360000000001,4.695435,-3.117828,0.762634
2021-10-14 15:46:53.522,0.3455557053297669,-0.1011215107019013,0.7220409803214444,1.042025801288682,0.4615743806778416,-0.02622164261967817,0.4180834049326022,0.6361179114586304,1.0323318608126801,0.7346029179849332,0.7997411446540897,0.9979600387139445,1.110992876647004,1.232862327310861,1.4002033786437351,1.066475906670688,0.3587392975227017,1.528332682140108,1.191000652705747,0.5316210681402308,723.6630036630037,868.3150183150183,842.1245421245421,802.2344322344322,943.2600732600732,-0.41894499999999996,0.07428,0.913574,4.059906,6.003876,-9.914246
2021-10-14 15:46:54.514,0.3023267705911252,-0.1011215107019013,0.6874239063483153,0.9987993160623784,0.3172019485375047,-0.02622164261967817,0.3357338891010097,0.8745555106885885,1.0134536165046701,0.7346029179849332,0.7524989357333396,1.039997338486621,1.089009054027289,1.232862327310861,1.303281054639371,1.034330193801894,0.3415285913226324,1.528332682140108,1.1853726929317492,1.326139760710811,868.7179487179487,713.992673992674,751.4652014652015,784.1025641025641,924.7252747252749,-0.5745239999999999,0.055298,0.815552,3.738403,-4.590758999999999,0.239258
2021-10-14 15:46:55.525,0.9171919672948168,-0.1011215107019013,0.6874239063483153,1.025362294472525,0.4160374926598382,-0.02622164261967817,0.3357338891010097,0.6182301811363666,0.7728693586172994,0.7346029179849332,0.7524989357333396,1.074219891719709,1.2944163172014298,1.232862327310861,1.303281054639371,1.294407313589828,1.102616795284726,1.528332682140108,1.1853726929317492,1.263313030414912,721.6483516483516,830.0366300366301,814.7252747252749,817.1428571428571,652.7472527472528,-0.6452640000000001,0.037476,0.769958,3.162689,-1.570129,-0.112152
2021-10-14 15:46:56.518,0.9171919672948168,-0.1011215107019013,0.6874239063483153,0.9596663588823064,0.4160374926598382,-0.02622164261967817,0.3357338891010097,0.2929484861528696,0.7728693586172994,0.7346029179849332,0.7524989357333396,0.4378848474722868,1.2944163172014298,1.232862327310861,1.303281054639371,1.277820852562044,1.102616795284726,1.528332682140108,1.1853726929317492,1.073718306362914,846.5567765567764,711.978021978022,774.8351648351648,828.021978021978,814.3223443223442,-0.655762,0.02887,0.767517,3.865509,-5.323486,-0.7102970000000001
2021-10-14 15:46:57.514,0.9171919672948168,-0.1011215107019013,0.6874239063483153,1.0112941436040621,0.4160374926598382,-0.02622164261967817,0.3357338891010097,0.3498947836301552,0.7728693586172994,0.7346029179849332,0.7524989357333396,0.4163551569855552,1.2944163172014298,1.232862327310861,1.303281054639371,1.2799316418802351,1.102616795284726,1.528332682140108,1.1853726929317492,1.085027603915405,668.8644688644688,888.0586080586081,832.0512820512822,749.047619047619,616.080586080586,-0.6656489999999999,0.023743,0.7615970000000001,3.858032,-5.001983999999999,0.657959
2021-10-14 15:46:58.521,0.1134902027087454,-0.1011215107019013,0.6874239063483153,0.2954891742854703,0.1644256381607444,-0.02622164261967817,0.3357338891010097,0.1098650085923677,0.9823035080578802,0.7346029179849332,0.7524989357333396,0.6647115306168366,1.393226019374034,1.232862327310861,1.303281054639371,1.226224367987298,1.0660914841134592,1.528332682140108,1.1853726929317492,1.203855420512628,734.945054945055,612.4542124542123,796.9963369963369,833.2600732600732,616.8864468864468,-0.674744,0.023132,0.750549,4.538422,-4.755249,1.203766
2021-10-14 15:46:59.516,0.09234383369558098,-0.1011215107019013,0.6874239063483153,-0.005658002458717796,0.22648978429639802,-0.02622164261967817,0.3357338891010097,0.095421766801022,0.981326894132458,0.7346029179849332,0.7524989357333396,0.5985771840420598,1.4163694026562088,1.232862327310861,1.303281054639371,1.247796314847828,1.052830391644989,1.528332682140108,1.1853726929317492,1.17157386078642,793.3699633699633,656.7765567765567,741.7948717948718,823.5897435897436,759.5238095238095,-0.672485,0.019897,0.755798,4.246826,-4.373932,0.740204
2021-10-14 15:47:00.514,0.09234383369558098,-0.1011215107019013,0.6874239063483153,0.9958207086304932,0.22648978429639802,-0.02622164261967817,0.3357338891010097,0.3754988810871543,0.981326894132458,0.7346029179849332,0.7524989357333396,0.3967310612716344,1.4163694026562088,1.232862327310861,1.303281054639371,1.1558113708540692,1.052830391644989,1.528332682140108,1.1853726929317492,1.205453259037478,900.1465201465203,790.5494505494507,772.8205128205127,809.4871794871796,1021.025641025641,-0.676758,0.021301,0.744263,4.1122440000000005,-5.555267,0.72525
2021-10-14 15:47:01.514,1.256621402964598,-0.1011215107019013,0.6874239063483153,0.9725097535276572,0.4086894525212959,-0.02622164261967817,0.3357338891010097,0.5929230330725317,1.001738611681745,0.7346029179849332,0.7524989357333396,1.015215162065688,1.121387916892448,1.232862327310861,1.303281054639371,1.117760669946946,1.1054238810656591,1.528332682140108,1.1853726929317492,1.136177289418805,713.1868131868132,739.7802197802197,782.0879120879122,793.7728937728937,642.6739926739926,-0.686951,0.017334,0.742432,3.955231,-5.959015,0.014953999999999999
2021-10-14 15:47:02.514,0.8438614009393058,-0.1011215107019013,0.6874239063483153,0.6991001967602893,0.3943658465881866,-0.02622164261967817,0.3357338891010097,0.7496894397812391,0.916339542661912,0.7346029179849332,0.7524989357333396,1.010315735296275,0.996973952332886,1.232862327310861,1.303281054639371,1.05002160188098,1.054494626811544,1.528332682140108,1.1853726929317492,1.036457282287494,717.6190476190477,695.054945054945,814.7252747252749,799.8168498168499,873.956043956044,-0.6870729999999999,0.019469999999999998,0.734863,4.3365480000000005,-4.067383,0.224304
2021-10-14 15:47:03.518,0.9851443817900832,-0.1011215107019013,0.6874239063483153,0.07294604999884892,0.1433834992266558,-0.02622164261967817,0.3357338891010097,0.04375734199651408,0.9441673461146842,0.7346029179849332,0.7524989357333396,0.4262953510870524,1.1422046974078293,1.232862327310861,1.303281054639371,1.110377376821636,0.94558634931618,1.528332682140108,1.1853726929317492,0.9016660437054692,830.8424908424909,805.4578754578755,855.0183150183151,802.6373626373628,939.2307692307692,-0.695435,0.014282,0.737671,4.044951999999999,-5.054321,0.35141
2021-10-14 15:47:04.514,0.8072689907758626,-0.1011215107019013,1.0379888087212958,0.5800353770607501,0.2737678787248117,-0.02622164261967817,0.508910338448724,0.32315958527230604,1.017477852113177,0.7346029179849332,0.914193940158174,0.5481091718373471,0.9877052157396656,1.232862327310861,1.4175926353289618,0.9102714097993956,0.8754546446778897,1.528332682140108,1.3638811683783723,0.8904338158913121,901.3553113553114,819.96336996337,815.934065934066,794.5787545787546,681.7582417582418,-0.70105,0.014221000000000001,0.725403,3.656158,-3.588867,0.5906680000000001
2021-10-14 15:47:05.514,0.9136611813858284,-0.1011215107019013,0.8403253716826695,0.8620778004486902,0.4496473609443553,-0.02622164261967817,0.5278640998700531,0.5794592424903675,0.9379183453275648,0.7346029179849332,1.0308013478119171,0.6772842124740422,0.891670617926124,1.232862327310861,1.403579247051397,0.8218445568823044,0.7603177312590833,1.528332682140108,1.623583534080883,0.8090687829203879,824.7985347985347,767.5824175824176,846.5567765567764,796.9963369963369,757.9120879120878,-0.689453,0.0177,0.737488,3.7757870000000002,-5.824432,0.8822629999999999
2021-10-14 15:47:06.514,0.6401752737409275,-0.1011215107019013,0.4989324033749442,0.3225646021180702,0.4125594448477438,-0.02622164261967817,0.5407572618558397,0.5407927745957677,0.9815001697028466,0.7346029179849332,1.026805382791206,0.7693929365211901,0.916289490663915,1.232862327310861,1.4569034957487308,0.8168206767779074,0.7204979467577254,1.528332682140108,1.83145168190733,0.6361257309471133,814.3223443223442,783.2967032967032,825.6043956043958,794.981684981685,794.981684981685,-0.7028810000000001,0.025208,0.722229,3.843079,-3.955231,2.7888490000000004
2021-10-14 15:47:07.515,0.5350355005867966,-0.1011215107019013,0.4989324033749442,0.534455763689872,0.4368338682236818,-0.02622164261967817,0.5407572618558397,0.1076883025568443,1.084593524632359,0.7346029179849332,1.026805382791206,0.7531808348612896,1.067969351929372,1.232862327310861,1.4569034957487308,0.9555086506063266,0.8664924891158124,1.528332682140108,1.83145168190733,0.9734901749959076,779.2673992673992,682.5641025641024,778.8644688644688,794.1758241758242,724.8717948717949,-0.6896359999999999,0.028258999999999996,0.734558,4.523468,-9.667511,0.650482
2021-10-14 15:47:08.516,1.324161248075734,-0.1011215107019013,0.4989324033749442,1.2725395505625419,0.7005236422255342,-0.02622164261967817,0.5407572618558397,0.49820552535753204,1.099878118284521,0.7346029179849332,1.026805382791206,0.8681898218063187,1.0194955269453159,1.232862327310861,1.4569034957487308,0.8917408083029591,0.9378063302707872,1.528332682140108,1.83145168190733,0.9086582662143178,694.6520146520148,794.5787545787546,791.3553113553114,790.952380952381,855.4212454212454,-0.46557600000000005,0.036316,0.8933110000000001,3.648682,-15.207825,1.293488
2021-10-14 15:47:09.515,1.290197253399761,-0.1011215107019013,0.4989324033749442,1.595081312866448,0.7721608403219444,-0.02622164261967817,0.5407572618558397,0.9057576732033542,0.9707528834407068,0.7346029179849332,1.026805382791206,0.8306525233182823,0.9094773576896048,1.232862327310861,1.4569034957487308,0.8363469946390726,0.7638431058013827,1.528332682140108,1.83145168190733,0.6940384173935754,745.8241758241759,776.8498168498169,774.0293040293042,778.8644688644688,694.2490842490844,-0.437012,0.023926,0.907593,3.192596,-6.086121,1.046753
2021-10-14 15:47:10.514,0.9768963587642102,-0.1011215107019013,1.002099658587681,0.6217343418309148,0.5814870679113989,-0.02622164261967817,0.623771923876013,0.5396601106199904,0.962622183568936,0.7346029179849332,0.8024374112874871,0.7867517747063184,0.8305733739189961,1.232862327310861,1.0613463078580891,0.8417340695289208,0.4725876657249301,1.528332682140108,0.8048753326151965,0.5255074751707097,878.3882783882783,748.6446886446887,777.2527472527472,799.4139194139194,688.6080586080586,-0.406982,0.007812,0.9246219999999999,4.015045,-4.844971,0.7102970000000001
2021-10-14 15:47:11.514,0.9460031388554562,0.6538933874620353,0.7742666807803481,0.7164795781463406,0.523388441019343,0.7301381544687675,0.4010670299259593,0.5237223217816558,1.255638277940979,0.8804904649787769,0.7713891473489894,1.0735621163031461,0.6835717932837622,1.4256336008927157,0.7424828945173573,0.7720194611317481,0.2016885325552878,1.036605074303332,0.3809253103573155,0.2696769710454878,671.2820512820513,774.4322344322345,813.9194139194141,763.5531135531136,685.3846153846154,-0.39257800000000004,-0.010376,0.932861,3.3944699999999997,-4.456176999999999,-0.478516
2021-10-14 15:47:12.514,0.9960551769546108,0.7688664713796689,0.4234383076293484,1.1428604670854328,0.5341264294236266,0.6924248889499747,0.1905168821329059,0.831302603025499,1.2678723644535959,0.8957566603044136,0.7572815173330134,1.112820391595115,0.7521927138753188,1.475705297136935,0.9155068280482676,0.7710448428218333,0.3283997366348422,1.233515594721419,0.8340610554015034,0.4105038981288347,726.0805860805863,714.7985347985347,778.8644688644688,794.1758241758242,853.4065934065933,-0.413513,-0.015381,0.926575,3.872986,-4.4711300000000005,0.059814
2021-10-14 15:47:13.523,0.9072937790080944,0.6293634506955585,0.06482871105772982,0.8664077176085179,0.6840526105524584,0.2298363032807099,0.02047838175793889,0.4754600379829573,1.173132656585007,0.5734377284836154,0.5346874070697027,0.8963202661495244,0.7613158119008506,1.441953501834676,1.178105279612682,0.7988719729803739,0.3689060506935825,1.372365249460653,1.06600941083476,0.47354251169928296,852.1978021978023,778.8644688644688,805.8608058608058,797.8021978021977,799.8168498168499,-0.420288,-0.016113,0.917542,4.052429,-4.815062999999999,0.7775880000000001
2021-10-14 15:47:14.514,1.071093674748823,0.6570738612265183,0.2211342611438038,0.9650895541945129,0.9430244659921422,0.159314354926685,0.1995565685891712,0.9799949139051859,1.385786440528908,0.4502209586380556,0.5274684935369611,1.0293642083319692,0.7857878594621979,1.488891088073147,1.2485701476975501,0.8719458165959748,0.6174834285310917,1.410263022747333,1.287353287953451,0.7405225713056101,705.934065934066,823.5897435897436,759.9267399267401,769.1941391941392,1053.663003663004,-0.43450900000000003,-0.015259,0.91333,3.843079,-4.463654,0.91217
2021-10-14 15:47:15.514,1.350150221499506,0.6570738612265183,0.5846280260546066,1.3009781629704342,0.6041621088435064,0.159314354926685,0.02831687948272035,0.7395610595739878,1.186543290342539,0.4502209586380556,0.2900585393988709,0.8735130216002142,1.1473765963523448,1.488891088073147,1.261745390834,1.1214515501841622,0.8945105900808764,1.410263022747333,1.402426990657291,0.9444923134294924,779.6703296703297,432.3443223443223,690.2197802197803,849.3772893772895,790.1465201465203,-0.447144,-0.020569,0.908386,3.8356019999999997,-4.740295,0.19439700000000001
2021-10-14 15:47:16.518,1.5065839300510517,0.6570738612265183,0.5846280260546066,1.399982492518031,0.5142270768052309,0.159314354926685,0.02831687948272035,0.4900430803648615,0.8570582421555434,0.4502209586380556,0.2900585393988709,0.7803045761622678,1.292596009262335,1.488891088073147,1.261745390834,1.292949769134903,1.001738560179172,1.410263022747333,1.402426990657291,0.996535290431383,842.1245421245421,781.2820512820513,806.6666666666667,805.4578754578755,730.1098901098901,-0.44805900000000004,-0.022888,0.909241,4.0898129999999995,-4.9047849999999995,0.6654359999999999
2021-10-14 15:47:17.515,0.5689979288682045,0.6570738612265183,0.4272982535837948,0.4338259162519004,0.2683903435609234,0.159314354926685,-0.5018992379260183,-0.054727701760137436,0.8151510939111483,0.4502209586380556,0.7954506938288342,0.4804710412734705,0.8304986093181662,1.488891088073147,1.379038448782419,0.856149961385297,0.7543635289651449,1.410263022747333,1.348188008743278,0.7427913670454257,742.6007326007326,738.1684981684982,789.7435897435898,784.9084249084249,1206.373626373626,-0.45251499999999995,-0.022095,0.904114,4.052429,-3.9851379999999996,0.49346899999999994
2021-10-14 15:47:18.534,0.4728764016654469,0.6570738612265183,0.07358856702553497,0.37316688786366903,0.3798352947661656,0.159314354926685,-0.3157192928047127,0.1480935358325767,1.181896775151799,0.4502209586380556,0.8408802747755,0.9807069191946076,0.7905292041310057,1.488891088073147,1.391669179665108,0.7863394367829954,0.7647622879252844,1.410263022747333,1.2345088072696049,0.6514150075358666,693.040293040293,736.5567765567764,799.4139194139194,789.7435897435898,836.0805860805863,-0.458374,-0.021362,0.907898,3.843079,-4.501037999999999,0.7775880000000001
2021-10-14 15:47:19.522,0.3353146802355543,0.6570738612265183,0.059836718575480126,9.311584820073889e-05,0.3471808708276032,0.159314354926685,0.1371810902189611,0.2208491654854086,1.237634133140822,0.4502209586380556,0.5953523718364969,1.045397574671246,0.8859086276486366,1.488891088073147,1.489748564220106,0.8190142449352376,0.6944229006885869,1.410263022747333,1.188990935495786,0.6893153647111385,900.952380952381,750.2564102564102,800.6227106227108,809.0842490842491,761.1355311355313,-0.46362299999999995,-0.024536000000000002,0.899048,3.798218,-5.772094999999999,1.286011
2021-10-14 15:47:20.521,0.672004997026725,0.6570738612265183,0.4070803908675009,0.506486671321752,0.4916980317563192,0.159314354926685,0.2013276150545962,0.3631089198404008,1.406331260684047,0.4502209586380556,0.7444860872936686,1.066199720422784,0.8245806525054518,1.488891088073147,1.509205383457906,0.9733295110463888,0.5993579866737561,1.410263022747333,1.293513998013429,0.7420175952354847,784.9084249084249,670.0732600732601,767.9853479853481,815.5311355311355,763.956043956044,-0.48669399999999996,0.044739,0.8794559999999999,1.7420959999999999,-2.4299619999999997,16.194763000000002
2021-10-14 15:47:21.514,0.5165133917211276,0.6570738612265183,0.5702681523472682,0.6241568264499621,0.5405370996839691,0.159314354926685,0.3126505745737218,0.6691903265752126,1.4148675177898669,0.4502209586380556,0.7798807373775927,1.160005415866305,0.8574897282966472,1.488891088073147,1.471944068491292,1.0982365517253578,0.6300047830340463,1.410263022747333,1.374379033489407,0.663829900238818,689.4139194139194,772.8205128205127,774.0293040293042,800.2197802197803,914.2490842490844,-0.46948199999999995,0.19873,0.874878,4.575806,-5.413208,-5.114136
2021-10-14 15:47:22.514,1.0184069796102941,0.6570738612265183,0.6388940297979364,1.014816444768186,0.6517557909321742,0.159314354926685,0.1955968227706775,0.8396372038061172,1.21708493457493,0.4502209586380556,0.7676212153727832,1.1842106278952458,0.7467267467830779,1.488891088073147,1.3189268155764617,0.8862135037071622,0.6498617184977975,1.410263022747333,1.0780626552331651,0.5663684729578962,773.6263736263736,730.5128205128206,819.96336996337,787.7289377289377,677.7289377289378,-0.46850600000000003,0.159668,0.8788450000000001,3.22998,-6.078644000000001,1.532745
2021-10-14 15:47:23.514,1.004557728746263,0.6570738612265183,0.5778377699745573,1.145716087858807,0.5887834469766773,0.159314354926685,0.1922650462034535,0.8369966812909897,1.090123483944729,0.4502209586380556,0.9342287111377514,1.02342804901477,0.7279347337991534,1.488891088073147,1.227812280179185,0.7831329918653357,0.5681977653495907,1.410263022747333,1.183881442532573,0.6626808709701253,812.7106227106227,707.948717948718,768.7912087912088,803.8461538461539,1095.164835164835,-0.488525,0.117432,0.8813479999999999,1.816864,-6.108551,-4.2916870000000005
2021-10-14 15:47:24.514,1.286048519728288,0.6570738612265183,0.8583877495030039,1.063833259908658,0.8803668815833222,0.159314354926685,0.4566219081029724,0.8340156784718247,1.453413520936125,0.4502209586380556,0.8588778386712294,1.0708139591562809,0.8106988590718557,1.488891088073147,1.3685657444092818,0.8670296737543441,0.7054867837047596,1.410263022747333,1.330617175692941,0.8286106708851646,860.2564102564102,751.8681318681319,808.6813186813188,794.1758241758242,755.4945054945055,-0.45556599999999997,-0.001953,0.899292,2.7215580000000004,-6.452483999999999,-2.915955
2021-10-14 15:47:25.514,1.298961213886905,0.6570738612265183,0.6592777181483498,0.9585408245368536,0.5595700075512976,0.159314354926685,0.5113839393786925,0.4477740324847955,0.7371322685804497,0.4502209586380556,0.8741762235063864,0.848625953980701,0.823868412372314,1.488891088073147,1.562498940774441,0.8407220492424766,0.4532986128210564,1.410263022747333,1.374650285501646,0.5894652283499452,724.0659340659341,752.2710622710623,807.0695970695972,767.5824175824176,723.2600732600732,-0.462341,-0.0047,0.896912,4.149628,-4.3141169999999995,0.224304
2021-10-14 15:47:26.514,0.7749039485614536,0.6570738612265183,0.08635365258880028,0.8764319970895337,0.2079199503057537,0.159314354926685,0.3720811765285335,0.1448085698639977,0.6523763158762721,0.4502209586380556,0.7381206156392448,0.4630726651203877,0.8363314089534083,1.488891088073147,1.5455037246705712,0.7613945722978198,0.4505185307881437,1.410263022747333,1.222002845823212,0.4830814149807126,837.6923076923077,756.3003663003664,806.6666666666667,796.5934065934067,1149.56043956044,-0.47381599999999996,0.010986,0.892151,4.28421,-4.598236,0.814972
2021-10-14 15:47:27.514,0.686810513890609,0.6570738612265183,0.1957481221075711,0.5395835650737059,-0.0319820843571829,0.159314354926685,0.2497051674950932,0.0940836413998652,1.0071562281897,0.4502209586380556,0.5103534084009617,0.8182390428622814,0.7680094020325524,1.488891088073147,1.191576083284753,0.8555695904100159,0.6429874765299679,1.410263022747333,1.2047830680769271,0.853335538883213,660.8058608058608,759.9267399267401,802.2344322344322,735.7509157509156,886.8498168498169,-0.470581,-0.010620000000000001,0.897644,3.18512,-5.248718,-2.1383669999999997
2021-10-14 15:47:28.514,0.7257161468598088,0.6570738612265183,0.3978166621248274,0.5141151016656836,-0.09098106863587516,0.159314354926685,0.3440313605104963,0.1099344798937893,0.9967400840720452,0.4502209586380556,0.7608618399930323,0.8071451562003913,0.7582373259162924,1.488891088073147,1.2952069443274759,0.8412548579167153,0.665215029969335,1.410263022747333,1.306979950438387,0.921017746119463,674.5054945054945,823.5897435897436,807.8754578754579,766.3736263736264,665.6410256410256,-0.48931899999999995,-0.013489,0.887756,4.403839,-5.091705,-0.687866
2021-10-14 15:47:29.528,0.4398994602097217,0.6570738612265183,0.5030320725939891,0.5870197564980226,0.2323753335000252,0.159314354926685,0.3128957434926559,0.1435149711797899,1.086084779219899,0.4502209586380556,0.838914877054846,1.0068643435839528,0.6476065856456332,1.488891088073147,1.323902118632948,0.686674786887836,0.8226176064668006,1.410263022747333,1.377735653512077,0.6798783121269667,891.6849816849817,743.809523809524,795.3846153846154,807.0695970695972,1058.901098901099,-0.491699,-0.021057,0.885498,4.388885,-5.203857,1.143951
2021-10-14 15:47:30.514,0.4797158130640796,0.6570738612265183,0.1271644664173465,0.2753385213983963,0.2246317414573097,0.159314354926685,0.3504992822537319,0.1885681887575971,0.7501289853280129,0.4502209586380556,0.8928946273883988,0.9040516192389274,0.7970028665668625,1.488891088073147,1.341580091957327,0.7645233209149356,0.7113573141581585,1.410263022747333,1.220130552104047,0.6653909508574505,776.4468864468864,786.1172161172162,802.6373626373628,795.7875457875458,872.3443223443222,-0.4953,-0.029541,0.881653,3.858032,-5.099182,-0.358887
2021-10-14 15:47:31.514,0.4133686791234432,0.6570738612265183,0.2570968311609397,0.1113265755904982,0.2158550017256006,0.159314354926685,0.2394026554821243,0.2234199483790278,0.6255557630203831,0.4502209586380556,0.8547631400329948,0.7894513902026996,0.8701224097297543,1.488891088073147,1.4011347452692071,1.0515954640264709,0.5361846497417577,1.410263022747333,1.2201490453107,0.6237700302042731,692.2344322344322,795.3846153846154,811.5018315018315,784.1025641025641,686.5934065934066,-0.511414,-0.031067,0.872192,4.276733,-3.753357,0.72525
2021-10-14 15:47:32.521,0.1570845242598164,0.6570738612265183,0.2868068744424467,0.4233597529363383,0.1234594942688596,0.159314354926685,0.02810962452812498,0.3555743037285552,0.5518070599906473,0.4502209586380556,0.8189354301934532,0.6549182417266487,0.8671633080200948,1.488891088073147,1.401629333122146,0.9966268896017044,0.5351364542636474,1.410263022747333,1.128836153895515,0.5841898463233058,904.5787545787546,750.6593406593408,772.8205128205127,815.5311355311355,1258.754578754579,-0.524475,-0.029663,0.8588870000000001,4.11972,-4.179535,0.5159
2021-10-14 15:47:33.514,-0.0017653373183247282,0.6570738612265183,-0.04359087330550505,0.048389011931950436,0.1379721001344262,0.159314354926685,-0.1544308682064506,0.2917337596014149,0.5971069418874838,0.4502209586380556,0.8199227045388263,0.6301519146234112,0.7287687620046238,1.488891088073147,1.272593665067856,0.8184747666825121,0.6045088712027169,1.410263022747333,1.363847571632337,0.7488853801837625,869.5238095238095,778.0586080586081,820.7692307692308,788.9377289377289,906.5934065934067,-0.537842,-0.025939999999999998,0.862366,3.858032,-4.777679,0.7102970000000001
2021-10-14 15:47:34.525,0.4442062429739707,0.6570738612265183,-0.2026839491012356,0.3756423421886526,0.2040271058812314,0.159314354926685,0.1934312458703865,0.1899708146380001,0.7687640943610622,0.4502209586380556,0.3853212690316258,0.5085161705023756,0.8786087986750059,1.488891088073147,1.24324320698435,0.7616049136076943,0.6530915838802106,1.410263022747333,1.2303992915981108,0.6867343198652801,697.8754578754579,799.8168498168499,792.1611721611722,772.4175824175826,674.1025641025641,-0.535461,-0.023987,0.8605959999999999,4.3365480000000005,-5.570221,0.299072
2021-10-14 15:47:35.513,1.066612346128685,0.6570738612265183,0.6173236439507592,0.7736753384895358,0.5505677909058434,0.159314354926685,0.4767628243056528,0.5543051180971565,0.8782155750523541,0.4502209586380556,0.5558696496874322,0.4211049521288855,0.7613186872466966,1.488891088073147,1.2127520204808369,0.8022452667369006,0.7458052688184519,1.410263022747333,1.2611475045288072,0.6680294321246589,829.6336996336996,803.4432234432236,788.1318681318681,805.054945054945,1076.227106227106,-0.5448609999999999,-0.02478,0.85498,4.433746,-4.149628,1.1514280000000001
2021-10-14 15:47:36.520,0.7813699846093762,0.6570738612265183,0.5510474271054391,0.3730233429062013,0.3335016028593712,0.159314354926685,0.3194170333494116,0.2727810834355846,0.4498546107088449,0.4502209586380556,0.8253885773930824,0.5101268764698473,0.8391870790198396,1.488891088073147,1.1667708178980731,0.7807011643613995,0.5050998751658817,1.410263022747333,1.02470459242482,0.6163274985469457,900.1465201465203,754.6886446886447,769.1941391941392,792.5641025641024,837.2893772893773,-0.5546260000000001,-0.0177,0.844299,4.254303,-3.865509,1.143951
2021-10-14 15:47:37.514,0.3931708414979543,0.6570738612265183,0.07625998738797701,0.4915030882700661,0.2726053540703092,0.159314354926685,-0.012574717166725109,0.06461944721414788,0.8488824333276869,0.4502209586380556,0.9805786449985164,0.7421432806793484,0.8645815146506519,1.488891088073147,1.088852292216249,0.8232644987163324,0.5208769237222524,1.410263022747333,1.0553134949810072,0.6576561593626228,868.7179487179487,801.4285714285713,821.1721611721613,779.6703296703297,774.8351648351648,-0.567688,-0.0074459999999999995,0.840881,4.179535,-5.136566,1.40564
2021-10-14 15:47:38.514,0.2776244966907566,0.6570738612265183,0.04489288814480802,0.6801691484594411,0.3933494563773268,0.159314354926685,0.029560061586745182,0.2089492280934973,0.7289209627234382,0.4502209586380556,0.8645921180932733,0.8285909203817818,0.7185453626263115,1.488891088073147,1.1372401578361409,0.8378740435564325,0.5517225973878054,1.410263022747333,1.021514907469033,0.7385034743412279,912.2344322344322,745.8241758241759,791.7582417582418,834.4688644688645,905.3846153846154,-0.5645140000000001,-0.000549,0.835327,3.947754,-6.116028,0.26168800000000003
2021-10-14 15:47:39.514,0.3625605201103198,0.6570738612265183,0.8703351355447637,0.7030608066616689,0.2152453097228968,0.159314354926685,0.5601974178736403,-0.03897081056532407,0.2607055017881742,0.4502209586380556,0.9521466422425279,0.5544531976418794,0.6631486164088024,1.488891088073147,1.2660633327371722,0.8299966798138546,0.6017009456314844,1.410263022747333,1.045106258589148,0.6450881751439561,782.0879120879122,777.2527472527472,795.3846153846154,788.1318681318681,778.8644688644688,-0.572571,-0.010254000000000001,0.835083,3.4841919999999997,-5.413208,0.463562
2021-10-14 15:47:40.519,0.1681621721710548,0.6570738612265183,0.3981113928394864,0.07495404552813674,0.04777868129567747,0.159314354926685,0.2643752686867882,-0.1096748090743607,0.2086373582286644,0.4502209586380556,0.5677991438240401,0.3892579271999885,0.8533454238334509,1.488891088073147,1.2143482441496207,0.9649937158940832,0.5783122008086602,1.410263022747333,1.0419190212556542,0.7025455548038945,816.7399267399268,790.952380952381,804.6520146520148,791.7582417582418,716.007326007326,-0.5759890000000001,-0.0035399999999999997,0.8329469999999999,4.351501,-4.523468,1.0243229999999999
2021-10-14 15:47:41.514,0.0831120006426353,0.6570738612265183,-0.1734344890762089,0.09830042936542838,0.2532770838280705,0.159314354926685,-0.08967891143094951,-0.01889471993945997,0.5744249116183732,0.4502209586380556,0.6255735689936149,0.5061876302516162,0.8273253463794509,1.488891088073147,1.134086942258027,0.8990117365013093,0.540809124840598,1.410263022747333,1.01393938999195,0.6627112691731084,732.5274725274727,782.4908424908424,782.8937728937731,791.7582417582418,1139.487179487179,-0.583679,0.001099,0.836182,4.4711300000000005,-4.919739,0.971985
2021-10-14 15:47:42.529,0.9107306738735382,0.6570738612265183,0.4301291314674106,0.8007321719162445,0.7275328590059772,0.159314354926685,0.2759058761774848,0.6329228443338979,1.113216777775323,0.4502209586380556,0.7533823408310111,1.028029968495996,0.9514588940341462,1.488891088073147,1.36746791064908,0.9842527184930424,0.9483108613258048,1.410263022747333,1.2951231547001631,0.9496438244846139,686.5934065934066,818.3516483516484,761.1355311355313,796.1904761904763,663.6263736263736,-0.580566,-0.004822,0.8302,3.8804629999999998,-4.852448000000001,1.114044
2021-10-14 15:47:43.514,0.9679489242779428,0.6570738612265183,0.4591624834623739,0.8046748892221941,0.8312207773342519,0.159314354926685,0.5744537517677271,0.8064738003127606,1.1265327714473439,0.4502209586380556,0.7331825479772082,1.028797599822791,0.9861338121698042,1.488891088073147,1.4686677105213262,1.0196629856868578,0.9539060596056632,1.410263022747333,1.423360775133786,0.948971459735654,725.6776556776558,793.7728937728937,825.6043956043958,772.4175824175826,712.3809523809523,-0.583801,-0.0014039999999999999,0.8254389999999999,4.0898129999999995,-6.340332,0.829926
2021-10-14 15:47:44.514,0.2067597410125029,0.6570738612265183,0.2159878435642475,0.3184414355073324,0.4266993434742569,0.159314354926685,-0.03454033620005086,0.458267308763401,0.9548191551519764,0.4502209586380556,0.5387164633039098,0.6235485892584155,0.9271404277067162,1.488891088073147,1.3826610718767658,1.0610850881284593,0.8059386185065209,1.410263022747333,1.3623609149468567,0.8877416504148615,863.0769230769231,819.96336996337,799.0109890109891,828.021978021978,1183.003663003663,-0.586975,-0.004639,0.8198850000000001,4.28421,-4.9272160000000005,0.8374020000000001
2021-10-14 15:47:45.514,0.9157487972849068,0.6570738612265183,0.3356425830189063,0.7393997843639181,0.7326851096131343,0.159314354926685,0.03005932048825535,0.5462154856134377,1.078121565003727,0.4502209586380556,0.4711336625824469,0.93479605934213,0.8928353114949767,1.488891088073147,1.361813869312559,0.9541326555663221,0.7906718975808408,1.410263022747333,1.22765145349926,0.9192838668027564,794.5787545787546,698.2783882783882,778.4615384615386,834.4688644688645,757.9120879120878,-0.5983890000000001,-0.0017699999999999999,0.817261,4.42627,-3.9402769999999996,0.5981449999999999
2021-10-14 15:47:46.514,1.114464974746629,0.6570738612265183,0.4729164995298443,0.9923543604370668,0.8617758168516461,0.159314354926685,0.186930876889696,0.724738585166688,0.9786220489473292,0.4502209586380556,0.2801536911126568,0.8940467294962299,0.9585746869420958,1.488891088073147,1.295707724543463,1.00325270174578,0.9366661577401344,1.410263022747333,1.16940263709941,1.099767001344423,714.7985347985347,772.4175824175826,790.1465201465203,807.0695970695972,682.967032967033,-0.673828,-0.000183,0.749146,4.269257,-4.022522,-0.822449
2021-10-14 15:47:47.526,0.06884931065355687,0.6570738612265183,0.4729164995298443,0.1736659615357404,0.2583862565432097,0.159314354926685,0.186930876889696,0.3767519094603082,0.6742270237589343,0.4502209586380556,0.2801536911126568,0.9144768763731952,1.1757378765101951,1.488891088073147,1.295707724543463,1.1961756346225678,1.1348018233748212,1.410263022747333,1.16940263709941,1.110598892584231,756.7032967032968,754.6886446886447,760.3296703296703,816.7399267399268,772.4175824175826,-0.6838989999999999,-0.011597,0.742188,3.1552119999999997,-7.035675,-0.13458299999999998
2021-10-14 15:47:48.524,1.0930909474701909,0.6570738612265183,0.4729164995298443,1.061940664316722,0.6701895975659744,0.159314354926685,0.186930876889696,0.5929403673912946,0.6932995389284875,0.4502209586380556,0.2801536911126568,0.8334523889152688,1.159152230022153,1.488891088073147,1.295707724543463,1.224865674701364,0.9532808835047372,1.410263022747333,1.16940263709941,1.005046809688795,837.2893772893773,794.1758241758242,790.952380952381,804.2490842490844,730.1098901098901,-0.692749,-0.013244999999999998,0.7341310000000001,4.673004,-5.383301,2.108459
2021-10-14 15:47:49.517,1.0375081533174721,0.6570738612265183,0.4729164995298443,0.9888418863692348,0.6038701392319432,0.159314354926685,0.186930876889696,0.4512929339554932,0.7386807972890299,0.4502209586380556,0.2801536911126568,0.9190593947072708,1.2823585921432912,1.488891088073147,1.295707724543463,1.318291963250757,1.048141194450834,1.410263022747333,1.16940263709941,1.146357998173854,731.3186813186812,755.0915750915751,743.809523809524,797.8021978021977,685.3846153846154,-0.694763,0.003357,0.7339479999999999,4.082336,-6.9683839999999995,-0.17944300000000002
2021-10-14 15:47:50.516,0.3421007018402408,0.6570738612265183,0.4729164995298443,0.1279116360272421,0.3478930476446297,0.159314354926685,0.186930876889696,0.025488602556221318,0.6355885023944965,0.4502209586380556,0.2801536911126568,0.600737224300103,1.224460606890461,1.488891088073147,1.295707724543463,1.164681583813795,1.085318057764842,1.410263022747333,1.16940263709941,1.219277720995029,892.0879120879122,801.8315018315019,776.0439560439562,795.7875457875458,1060.512820512821,-0.693481,-0.0058590000000000005,0.733765,3.8804629999999998,-6.4151,-0.142059
2021-10-14 15:47:51.514,0.8636320650598622,0.6570738612265183,0.40845670767667097,0.7859624847615386,0.4750012730249518,0.159314354926685,-0.026057965422948182,0.3105835098833357,1.149104861480819,0.4502209586380556,0.8391693803236022,1.144268766606627,0.7897795303495984,1.488891088073147,1.391967738733345,0.8471578702795145,0.8462340465032042,1.410263022747333,1.2158062434325811,0.7817805765108857,888.8644688644688,719.2307692307692,821.978021978022,793.7728937728937,709.5604395604396,-0.68512,-0.014587000000000001,0.739441,3.6711120000000004,-6.452483999999999,0.657959
2021-10-14 15:47:52.514,0.7367631210930652,0.6570738612265183,0.29801569122494104,0.6134615284587209,0.3290172149609875,0.159314354926685,0.08940035465029597,0.3517584828987976,1.149104861480819,0.4502209586380556,0.8690165600548984,1.187246752446184,0.7022011403820961,1.488891088073147,1.276274052590633,0.7564959393109332,0.7602210724354489,1.410263022747333,1.236101922402019,0.5026763926271199,784.1025641025641,753.4798534798535,803.4432234432236,787.7289377289377,749.8534798534797,-0.688721,-0.015319999999999999,0.736633,3.872986,-5.607605,-0.224304
2021-10-14 15:47:53.515,0.4019365856798551,0.6570738612265183,1.096963918992967,0.1315073132759624,0.3397935500515581,0.159314354926685,0.2276842788542695,0.1823049454489624,0.7791778270374945,0.4502209586380556,0.9018957662546264,0.7966197373772494,0.7016922196300771,1.488891088073147,1.258971392164133,0.730364776788272,0.6633195204769946,1.410263022747333,1.289560071070243,0.6916456972574571,817.948717948718,761.1355311355313,796.9963369963369,795.7875457875458,1057.289377289377,-0.692383,-0.018616,0.739563,4.104767,-5.52536,0.814972
2021-10-14 15:47:54.514,1.2352300245261698,0.6570738612265183,1.1122461548971798,1.012197396239029,0.9397351660618736,0.159314354926685,-0.05172002960146014,0.6186388935322842,0.9645373473259222,0.4502209586380556,0.7804954016704118,0.8748383157234868,0.7549485570001389,1.488891088073147,1.3850186560334068,0.7548373332519897,0.6603124517528254,1.410263022747333,1.147912046524134,0.7371484444697647,906.5934065934067,757.1062271062273,794.1758241758242,790.5494505494507,725.6776556776558,-0.692322,-0.02301,0.731384,3.738403,-4.201965,1.420593
2021-10-14 15:47:55.514,0.8904013536724399,0.6570738612265183,0.1826043077294153,0.6286397273051768,0.6296807264812792,0.159314354926685,-0.1796740103711529,0.4216263418636009,0.6053109498343883,0.4502209586380556,0.6833298606946717,0.8123755366338284,0.8840840874909034,1.488891088073147,1.3646829307581299,0.994382818800458,0.6413843683835895,1.410263022747333,1.2023368343970342,0.6811932446371524,863.0769230769231,728.4981684981685,804.2490842490844,794.981684981685,804.2490842490844,-0.6984859999999999,-0.012268000000000001,0.727966,4.42627,-6.527252,0.8374020000000001
2021-10-14 15:47:56.514,0.1005226870172259,0.6570738612265183,0.2150069523473249,-0.0736292889037072,0.2200647566178509,0.159314354926685,-0.1402312362554448,0.07176278464715015,0.8177473907182774,0.4502209586380556,0.3731622073419774,0.8164511385504823,0.7679939538857729,1.488891088073147,1.2675594752475792,0.985537261184856,0.5018985210314245,1.410263022747333,1.2702009690711493,0.7097139166680211,763.5531135531136,731.3186813186812,787.3260073260074,784.9084249084249,1163.663003663004,-0.6938479999999999,-0.003906,0.723267,4.456176999999999,-5.114136,0.8374020000000001
2021-10-14 15:47:57.519,0.5630694179075395,0.6570738612265183,0.8316915646216793,0.7503487959780151,0.5017381628136898,0.159314354926685,0.3782049647250613,0.5274319615069901,0.9633075185714004,0.4502209586380556,0.6258133468801612,0.8604752851788342,0.6838517795508963,1.488891088073147,1.1626651187694819,0.8051310881149231,0.2640675635597752,1.410263022747333,1.049727416303933,0.5866608396039208,877.5824175824176,730.9157509157509,817.5457875457877,808.6813186813188,690.6227106227108,-0.69281,-0.005797999999999999,0.740173,3.887939,-5.846863,0.478516
2021-10-14 15:47:58.514,0.7436179538026366,0.1441550769772016,0.6904409409977531,0.843476560142479,0.3819623014670173,-0.1906796144576661,0.1850719600351519,0.4599100894919261,0.6975944600350987,0.847743881788702,0.6278416984772852,0.6263517660714714,0.7769516520360747,1.4441243164223132,0.9235170375192324,0.804325527640054,0.35109247907475605,1.3723910734538072,0.8640333400146171,0.507636874034584,785.7142857142858,767.1794871794873,805.4578754578755,776.0439560439562,1183.003663003663,-0.678833,-0.01123,0.748291,4.187012,-5.196381,-0.037384
2021-10-14 15:47:59.514,0.3663386424236021,-0.06494191685791699,0.1896407838609558,0.5039795067556919,0.3098856105930695,0.09361802803400532,0.0787274687559979,0.4120372539447971,0.577501909391317,0.8117215690739471,0.4863731200163268,0.6890052438634964,0.6431210084504857,1.4475389062319952,0.8360584740820273,0.6063130090975067,0.3069820918524768,1.266523825462876,0.7022942242165287,0.4599740650429465,699.0842490842491,773.6263736263736,802.2344322344322,784.9084249084249,948.0952380952381,-0.682495,-0.009155,0.744751,4.306641,-5.084229,0.904694
